<xml>

<dir>
	<title>The WB</title>
	<tvmaze>network/71/1</tvmaze>
</dir>

<dir>
	<title>PBS Kids</title>
	<tvmaze>network/540/1</tvmaze>
</dir>

<dir>
	<title>Fox Kids</title>
	<tvmaze>network/1457/1</tvmaze>
</dir>

<dir>
	<title>Nickelodeon</title>
	<tvmaze>network/27/1</tvmaze>
</dir>

<dir>
	<title>Nicktoons</title>
	<tvmaze>network/73/1</tvmaze>
</dir>

<dir>
	<title>Nick Jr.</title>
	<tvmaze>network/206/1</tvmaze>
</dir>

<dir>
	<title>TeenNick</title>
	<tvmaze>network/101/1</tvmaze>
</dir>

<dir>
	<title>Disney Channel</title>
	<tvmaze>network/78/1</tvmaze>
</dir>

<dir>
	<title>Disney XD</title>
	<tvmaze>network/25/1</tvmaze>
</dir>

<dir>
	<title>Disney Junior</title>
	<tvmaze>network/1039/1</tvmaze>
</dir>

<dir>
	<title>Toon Disney</title>
	<tvmaze>network/223/1</tvmaze>
</dir>

<dir>
	<title>Adult Swim</title>
	<tvmaze>network/10/1</tvmaze>
</dir>

<dir>
	<title>Cartoon Network</title>
	<tvmaze>network/11/1</tvmaze>
</dir>

<dir>
	<title>Boomerang</title>
	<tvmaze>network/456/1</tvmaze>
</dir>

<dir>
	<title>Universal Kids</title>
	<tvmaze>network/342/1</tvmaze>
</dir>

<dir>
	<title>Bohbot Kids Network</title>
	<tvmaze>network/1511/1</tvmaze>
</dir>


</xml>