<xml>

<dir>
	<title>DC TV Shows (Trakt)</title>
	<summary>List by sroyalty.</summary>
	<trakt>https://api.trakt.tv/users/sroyalty/lists/dc-tv-shows-arrakis/items</trakt>
	<thumbnail>special://home/addons/plugin.video.beardedbandit/resources/images/icons/dc.png</thumbnail>
</dir>

<dir>
	<title>DC Movies (TMDB)</title>
	<summary>list by Travis Bell.</summary>
	<tmdb>list/3</tmdb>
	<thumbnail>special://home/addons/plugin.video.beardedbandit/resources/images/icons/dc.png</thumbnail>
</dir>

<dir>
	<title>DC Animated Movies (TMDB)</title>
	<summary>list by pnunez1310.</summary>
	<tmdb>list/62764</tmdb>
	<thumbnail>special://home/addons/plugin.video.beardedbandit/resources/images/icons/dc.png</thumbnail>
</dir>

<dir>
	<title>Marvel TV Shows (Trakt)</title>
	<summary>List by sroyalty.</summary>
	<trakt>https://api.trakt.tv/users/sroyalty/lists/marvel-tv-shows-arrakis/items</trakt>
	<thumbnail>special://home/addons/plugin.video.beardedbandit/resources/images/icons/marvel.png</thumbnail>
</dir>

<dir>
	<title>Marvel Movies (TMDB)</title>
	<summary>list by Travis Bell.</summary>
	<tmdb>list/1</tmdb>
	<thumbnail>special://home/addons/plugin.video.beardedbandit/resources/images/icons/marvel.png</thumbnail>
</dir>

<dir>
	<title>Marvel Animated Movies (TMDB)</title>
	<summary>list by pnunez1310.</summary>
	<tmdb>list/62905</tmdb>
	<thumbnail>special://home/addons/plugin.video.beardedbandit/resources/images/icons/marvel.png</thumbnail>
</dir>


</xml>
