<?xml version="1.0" encoding="UTF-8" standalone="yes"?>
<addon id="script.scrubsv2.metadata" version="1.2" name="[COLOR orange]Scrubs v2 Metadata[/COLOR]" provider-name="JewBMX">
	<requires>
		<import addon="xbmc.python" version="2.19.0"/>
	</requires>
	<extension point="xbmc.python.module" library="lib" />
	<extension point="xbmc.addon.metadata">
		<summary>Scrubs v2 Metadata</summary>
		<description>Scrubs v2 Metadata</description>
		<platform>all</platform>
		<assets>
			<icon>icon.jpg</icon>
		</assets>
	</extension>
</addon>
