<xml>

<dir>
	<title>Amy Adams</title>
	<trakt>https://api.trakt.tv/people/Amy-Adams/movies</trakt>
	<thumbnail>https://image.tmdb.org/t/p/original/1h2r2VTpoFb5QefAaBYYQgQzL9z.jpg</thumbnail>
</dir>

<dir>
	<title>Angelina Jolie</title>
	<trakt>https://api.trakt.tv/people/Angelina-Jolie/movies</trakt>
	<thumbnail>https://image.tmdb.org/t/p/original/wdrSStdTmiSHhynCV5CtTJTuzY1.jpg</thumbnail>
</dir>

<dir>
	<title>Anne Hathaway</title>
	<trakt>https://api.trakt.tv/people/Anne-Hathaway/movies</trakt>
	<thumbnail>https://image.tmdb.org/t/p/original/xENM3XJAtdpolwELYDy9iaCtU4m.jpg</thumbnail>
</dir>

<dir>
	<title>Audrey Hepburn</title>
	<trakt>https://api.trakt.tv/people/Audrey-Hepburn/movies</trakt>
	<thumbnail>https://image.tmdb.org/t/p/original/hwPHPRz7YqmcRAlvhag5VPeoaoC.jpg</thumbnail>
</dir>

<dir>
	<title>Cate Blanchett</title>
	<trakt>https://api.trakt.tv/people/Cate-Blanchett/movies</trakt>
	<thumbnail>https://image.tmdb.org/t/p/original/5HikVWKfkkUa8aLdCMHtREBECIn.jpg</thumbnail>
</dir>

<dir>
	<title>Charlize Theron</title>
	<trakt>https://api.trakt.tv/people/Charlize-Theron/movies</trakt>
	<thumbnail>https://image.tmdb.org/t/p/original/aHOB9UMgSI7MlXF3GMZaVQXqfQg.jpg</thumbnail>
</dir>

<dir>
	<title>Elizabeth Taylor</title>
	<trakt>https://api.trakt.tv/people/Elizabeth Taylor/movies</trakt>
	<thumbnail>https://image.tmdb.org/t/p/original/kLSHCsowVnTvIbDD5Virb0yfLCW.jpg</thumbnail>
</dir>

<dir>
	<title>Emilia Clarke</title>
	<trakt>https://api.trakt.tv/people/Emilia-Clarke/movies</trakt>
	<thumbnail>https://image.tmdb.org/t/p/original/lRSqMNNhPL4Ib1hAJxmDFBXHAMU.jpg</thumbnail>
</dir>

<dir>
	<title>Emily Blunt</title>
	<trakt>https://api.trakt.tv/people/Emily-Blunt/movies</trakt>
	<thumbnail>https://image.tmdb.org/t/p/original/m6lrKvsHJHizkvuv7JqWj4zhOLg.jpg</thumbnail>
</dir>

<dir>
	<title>Emma Stone</title>
	<trakt>https://api.trakt.tv/people/Emma-Stone/movies</trakt>
	<thumbnail>https://image.tmdb.org/t/p/original/zcoL48XY6gL1eHuh0fmV8UVoMGA.jpg</thumbnail>
</dir>

<dir>
	<title>Emma Thompson</title>
	<trakt>https://api.trakt.tv/people/Emma-Thompson/movies</trakt>
	<thumbnail>https://image.tmdb.org/t/p/original/cWTBHN8kLf6yapxiaQD9C6N1uMw.jpg</thumbnail>
</dir>

<dir>
	<title>Emma Watson</title>
	<trakt>https://api.trakt.tv/people/Emma-Watson/movies</trakt>
	<thumbnail>https://image.tmdb.org/t/p/original/s77hUycSJ4x8RJWHDC9WPgotgxE.jpg</thumbnail>
</dir>

<dir>
	<title>Gwyneth Paltrow</title>
	<trakt>https://api.trakt.tv/people/Gwyneth-Paltrow/movies</trakt>
	<thumbnail>https://image.tmdb.org/t/p/original/iI5wMUbOb5CTs58RhtjGD8cA3yY.jpg</thumbnail>
</dir>

<dir>
	<title>Halle Berry</title>
	<trakt>https://api.trakt.tv/people/Halle-Berry/movies</trakt>
	<thumbnail>https://image.tmdb.org/t/p/original/w7HRZh4UhimZO2F6GywkYhjgAX3.jpg</thumbnail>
</dir>

<dir>
	<title>Helen Mirren</title>
	<trakt>https://api.trakt.tv/people/Helen-Mirren/movies</trakt>
	<thumbnail>https://image.tmdb.org/t/p/original/4EGgBJPUBz68ZrnFuLVo01r0uND.jpg</thumbnail>
</dir>

<dir>
	<title>Jennifer Aniston</title>
	<trakt>https://api.trakt.tv/people/Jennifer-Aniston/movies</trakt>
	<thumbnail>https://image.tmdb.org/t/p/original/uH9FwXtRpiboKeqHUk0RuJRAm6I.jpg</thumbnail>
</dir>

<dir>
	<title>Jennifer Lawrence</title>
	<trakt>https://api.trakt.tv/people/Jennifer-Lawrence/movies</trakt>
	<thumbnail>https://image.tmdb.org/t/p/original/naZyy9IqAQDaAbr1kYShLdg6aPR.jpg</thumbnail>
</dir>

<dir>
	<title>Jessica Alba</title>
	<trakt>https://api.trakt.tv/people/Jessica-Alba/movies</trakt>
	<thumbnail>https://image.tmdb.org/t/p/original/yMiHrSyrv5u8qwfi3T8EuI4VPFk.jpg</thumbnail>
</dir>

<dir>
	<title>Jessica Biel</title>
	<trakt>https://api.trakt.tv/people/Jessica-Biel/movies</trakt>
	<thumbnail>https://image.tmdb.org/t/p/original/sVZa5LTnIekSUQY1g6xsJ63EXki.jpg</thumbnail>
</dir>

<dir>
	<title>Jessica Chastain</title>
	<trakt>https://api.trakt.tv/people/Jessica-Chastain/movies</trakt>
	<thumbnail>https://image.tmdb.org/t/p/original/eQUiZhWCHPDqrQFWQn2vQ8Mq7WH.jpg</thumbnail>
</dir>

<dir>
	<title>Jodie Foster</title>
	<trakt>https://api.trakt.tv/people/Jodie-Foster/movies</trakt>
	<thumbnail>https://image.tmdb.org/t/p/original/ubEymAa3EiroOwg9lptX08nwxAh.jpg</thumbnail>
</dir>

<dir>
	<title>Judy Loe</title>
	<trakt>https://api.trakt.tv/people/Judy-Loe/movies</trakt>
	<thumbnail>https://image.tmdb.org/t/p/original/vIkPdsxBGLS6qf7FOp7x52ylDIW.jpg</thumbnail>
</dir>

<dir>
	<title>Julia Roberts</title>
	<trakt>https://api.trakt.tv/people/Julia-Roberts/movies</trakt>
	<thumbnail>https://image.tmdb.org/t/p/original/h13yvG0tRNMTAwciQXxYmQWdYW8.jpg</thumbnail>
</dir>

<dir>
	<title>Julianne Moore</title>
	<trakt>https://api.trakt.tv/people/Julianne-Moore/movies</trakt>
	<thumbnail>https://image.tmdb.org/t/p/original/v2FcWGiiuvl6P7NV0966jNL09uh.jpg</thumbnail>
</dir>

<dir>
	<title>Kate Beckinsale</title>
	<trakt>https://api.trakt.tv/people/Kate-Beckinsale/movies</trakt>
	<thumbnail>https://image.tmdb.org/t/p/original/pTRtcZn9gWQZRiet36qWKh94urn.jpg</thumbnail>
</dir>

<dir>
	<title>Kate Winslet</title>
	<trakt>https://api.trakt.tv/people/Kate-Winslet/movies</trakt>
	<thumbnail>https://image.tmdb.org/t/p/original/bcR1oAduOiregjaKMbGi9Wae8mG.jpg</thumbnail>
</dir>

<dir>
	<title>Katharine Hepburn</title>
	<trakt>https://api.trakt.tv/people/Katharine-Hepburn/movies</trakt>
	<thumbnail>https://image.tmdb.org/t/p/original/hzBSOe6bburyMeeCqD9kR9tRfdD.jpg</thumbnail>
</dir>

<dir>
	<title>Kathy Bates</title>
	<trakt>https://api.trakt.tv/people/Kathy-Bates/movies</trakt>
	<thumbnail>https://image.tmdb.org/t/p/original/yik6ccz1O2JelLJn3Fsx3EA8s1o.jpg</thumbnail>
</dir>

<dir>
	<title>Keira Knightley</title>
	<trakt>https://api.trakt.tv/people/Emma-Stone/movies</trakt>
	<thumbnail>https://image.tmdb.org/t/p/original/irLxeFMXw2phPH7okxHInBhs6jb.jpg</thumbnail>
</dir>

<dir>
	<title>Kim Kardashian</title>
	<trakt>https://api.trakt.tv/people/Kim-Kardashian/movies</trakt>
	<thumbnail>https://image.tmdb.org/t/p/original/mzeEB6ZDAE036Z2oh2ZIqzrzVic.jpg</thumbnail>
</dir>

<dir>
	<title>Marilyn Monroe</title>
	<trakt>https://api.trakt.tv/people/Marilyn-Monroe/movies</trakt>
	<thumbnail>https://image.tmdb.org/t/p/original/m2X2NkaanzufbyNAokdHbDtYOgN.jpg</thumbnail>
</dir>

<dir>
	<title>Megan Fox</title>
	<trakt>https://api.trakt.tv/people/Megan-Fox/movies</trakt>
	<thumbnail>https://image.tmdb.org/t/p/original/rDSDaExvx5Q3oX0hpobhOhFzELl.jpg</thumbnail>
</dir>

<dir>
	<title>Meryl Streep</title>
	<trakt>https://api.trakt.tv/people/Meryl-Streep/movies</trakt>
	<thumbnail>https://image.tmdb.org/t/p/original/jsjuUW07WTinnb1d0GcK2wCwZvE.jpg</thumbnail>
</dir>

<dir>
	<title>Mila Kunis</title>
	<trakt>https://api.trakt.tv/people/Mila-Kunis/movies</trakt>
	<thumbnail>https://image.tmdb.org/t/p/original/6Lp9qPkMO740Hcp8NBYZZLWWvJF.jpg</thumbnail>
</dir>

<dir>
	<title>Naomi Watts</title>
	<trakt>https://api.trakt.tv/people/Naomi-Watts/movies</trakt>
	<thumbnail>https://image.tmdb.org/t/p/original/8W02WOJI1pEGh2iqQsgITR5tV0P.jpg</thumbnail>
</dir>

<dir>
	<title>Natalie Portman</title>
	<trakt>https://api.trakt.tv/people/Natalie-Portman/movies</trakt>
	<thumbnail>https://image.tmdb.org/t/p/original/jJcRWku3e9OHrmRqytn6WcBjhvh.jpg</thumbnail>
</dir>

<dir>
	<title>Nicole Kidman</title>
	<trakt>https://api.trakt.tv/people/Nicole-Kidman/movies</trakt>
	<thumbnail>https://image.tmdb.org/t/p/original/lfW2cDigTcvuoe4k6UfCdGVE1R6.jpg</thumbnail>
</dir>

<dir>
	<title>Olivia Wilde</title>
	<trakt>https://api.trakt.tv/people/Olivia-Wilde/movies</trakt>
	<thumbnail>https://image.tmdb.org/t/p/original/kyzJblLaOPK89QkRJlh6w0tbvFI.jpg</thumbnail>
</dir>

<dir>
	<title>Penélope Cruz</title>
	<trakt>https://api.trakt.tv/people/Penélope-Cruz/movies</trakt>
	<thumbnail>https://image.tmdb.org/t/p/original/dcPSUfxMa791NZvrFiBc3ReDdpU.jpg</thumbnail>
</dir>

<dir>
	<title>Rachel McAdams</title>
	<trakt>https://api.trakt.tv/people/Rachel-McAdams/movies</trakt>
	<thumbnail>https://image.tmdb.org/t/p/original/c60WxtQceDxOp7sd2iWhOqn5Y2l.jpg</thumbnail>
</dir>

<dir>
	<title>Reese Witherspoon</title>
	<trakt>https://api.trakt.tv/people/Reese-Witherspoon/movies</trakt>
	<thumbnail>https://image.tmdb.org/t/p/original/4JsKUdunVSiG7RQOJtzItMmQJXn.jpg</thumbnail>
</dir>

<dir>
	<title>Sally Field</title>
	<trakt>https://api.trakt.tv/people/Sally-Field/movies</trakt>
	<thumbnail>https://image.tmdb.org/t/p/original/ymhpsxujOO3a9qaGYSpkenCt9Le.jpg</thumbnail>
</dir>

<dir>
	<title>Sandra Bullock</title>
	<trakt>https://api.trakt.tv/people/Sandra-Bullock/movies</trakt>
	<thumbnail>https://image.tmdb.org/t/p/original/aCa4ELD1MfsVjLWYAynYbhXHQmu.jpg</thumbnail>
</dir>

<dir>
	<title>Scarlett Johansson</title>
	<trakt>https://api.trakt.tv/people/Scarlett-Johansson/movies</trakt>
	<thumbnail>https://image.tmdb.org/t/p/original/rzjSlH8UIRtMCz5PLG4sRw1QBCT.jpg</thumbnail>
</dir>

<dir>
	<title>Sofía Vergara</title>
	<trakt>https://api.trakt.tv/people/Sofía-Vergara/movies</trakt>
	<thumbnail>https://image.tmdb.org/t/p/original/dgLbnw2NB0wbw9wSP3W5bRZ97vX.jpg</thumbnail>
</dir>

<dir>
	<title>Susan Sarandon</title>
	<trakt>https://api.trakt.tv/people/Susan Sarandon/movies</trakt>
	<thumbnail>https://image.tmdb.org/t/p/original/5fPNvIYYBoqlaGr0RzXJbu5Z4QG.jpg</thumbnail>
</dir>

<dir>
	<title>Vanessa Johansson</title>
	<trakt>https://api.trakt.tv/people/Vanessa-Johansson/movies</trakt>
	<thumbnail>https://image.tmdb.org/t/p/original/5kiI5us44QGoOAxPDVkBO4tjSla.jpg</thumbnail>
</dir>

<dir>
	<title>Viola Davis</title>
	<trakt>https://api.trakt.tv/people/Viola-Davis/movies</trakt>
	<thumbnail>https://image.tmdb.org/t/p/original/bkrRMBXxqR4v3Zeygivfyi6VIfF.jpg</thumbnail>
</dir>


</xml>
