<?xml version="1.0" encoding="UTF-8" standalone="yes"?>
<addon id="script.module.scrubsv2" version="3.6" name="[COLOR orange]Scrubs v2 Module[/COLOR]" provider-name="JewBMX">
    <requires>
        <import addon="xbmc.python" version="2.1.0" />
        <import addon="script.module.requests" />
        <import addon="script.module.beautifulsoup4" />
        <import addon="script.module.simplejson" />
        <import addon="script.module.python.koding.aio" version="0.9.6.6" />
        <import addon="script.module.xmltodict" version="0.9.0" />
        <import addon="plugin.video.SportsDevil" optional= "true" />
    </requires>
    <extension point="xbmc.python.module" library="lib" />
    <extension point="xbmc.addon.metadata">
        <summary>Scrubs v2 Module(The Guts)</summary>
        <description>Scrubs v2 Module(The Guts)</description>
        <platform>all</platform>
        <assets>
            <icon>icon.jpg</icon>
        </assets>
    </extension>
</addon>
