<xml>

<dir>
	<title>RnB</title>
	<lastfm>tag/rnb/albums</lastfm>
</dir>

<dir>
	<title>Island</title>
	<lastfm>tag/island/albums</lastfm>
</dir>

<dir>
	<title>Reggae</title>
	<lastfm>tag/reggae/albums</lastfm>
</dir>

<dir>
	<title>Hip Hop</title>
	<lastfm>tag/hip hop/albums</lastfm>
</dir>

<dir>
	<title>Hip-Hop</title>
	<lastfm>tag/hip-hop/albums</lastfm>
</dir>

<dir>
	<title>Rap</title>
	<lastfm>tag/rap/albums</lastfm>
</dir>

<dir>
	<title>Bass</title>
	<lastfm>tag/bass/albums</lastfm>
</dir>

<dir>
	<title>Pop</title>
	<lastfm>tag/pop/albums</lastfm>
</dir>

<dir>
	<title>Funk</title>
	<lastfm>tag/funk/albums</lastfm>
</dir>

<dir>
	<title>Soul</title>
	<lastfm>tag/soul/albums</lastfm>
</dir>

<dir>
	<title>Blues</title>
	<lastfm>tag/blues/albums</lastfm>
</dir>

<dir>
	<title>Jazz</title>
	<lastfm>tag/jazz/albums</lastfm>
</dir>

<dir>
	<title>Bluegrass</title>
	<lastfm>tag/bluegrass/albums</lastfm>
</dir>

<dir>
	<title>Folk</title>
	<lastfm>tag/folk/albums</lastfm>
</dir>

<dir>
	<title>Country</title>
	<lastfm>tag/country/albums</lastfm>
</dir>

<dir>
	<title>Rock</title>
	<lastfm>tag/rock/albums</lastfm>
</dir>

<dir>
	<title>Classic Rock</title>
	<lastfm>tag/classic rock/albums</lastfm>
</dir>

<dir>
	<title>Alternative</title>
	<lastfm>tag/alternative/albums</lastfm>
</dir>

<dir>
	<title>Heavy Metal</title>
	<lastfm>tag/heavy metal/albums</lastfm>
</dir>

<dir>
	<title>Grunge</title>
	<lastfm>tag/grunge/albums</lastfm>
</dir>

<dir>
	<title>Indie</title>
	<lastfm>tag/indie/albums</lastfm>
</dir>

<dir>
	<title>Punk</title>
	<lastfm>tag/punk/albums</lastfm>
</dir>

<dir>
	<title>Classical</title>
	<lastfm>tag/classical/albums</lastfm>
</dir>

<dir>
	<title>Easy Listening</title>
	<lastfm>tag/easy listening/albums</lastfm>
</dir>

<dir>
	<title>Comedy</title>
	<lastfm>tag/comedy/albums</lastfm>
</dir>

<dir>
	<title>Book</title>
	<lastfm>tag/book/albums</lastfm>
</dir>

<dir>
	<title>Progressive</title>
	<lastfm>tag/progressive/albums</lastfm>
</dir>

<dir>
	<title>Downtempo</title>
	<lastfm>tag/downtempo/albums</lastfm>
</dir>

<dir>
	<title>Chopped</title>
	<lastfm>tag/chopped/albums</lastfm>
</dir>

<dir>
	<title>Disco</title>
	<lastfm>tag/disco/albums</lastfm>
</dir>

<dir>
	<title>Salsa</title>
	<lastfm>tag/salsa/albums</lastfm>
</dir>

<dir>
	<title>Dance</title>
	<lastfm>tag/dance/albums</lastfm>
</dir>

<dir>
	<title>Club</title>
	<lastfm>tag/club/albums</lastfm>
</dir>

<dir>
	<title>Techno</title>
	<lastfm>tag/techno/albums</lastfm>
</dir>

<dir>
	<title>Dubstep</title>
	<lastfm>tag/dubstep/albums</lastfm>
</dir>

<dir>
	<title>Trance</title>
	<lastfm>tag/trance/albums</lastfm>
</dir>

<dir>
	<title>Electronic</title>
	<lastfm>tag/electronic/albums</lastfm>
</dir>

<dir>
	<title>Chiptune</title>
	<lastfm>tag/chiptune/albums</lastfm>
</dir>

<dir>
	<title>Game</title>
	<lastfm>tag/game/albums</lastfm>
</dir>


</xml>