<xml>

<dir>
	<title>RnB</title>
	<lastfm>tag/rnb/tracks</lastfm>
</dir>

<dir>
	<title>Island</title>
	<lastfm>tag/island/tracks</lastfm>
</dir>

<dir>
	<title>Reggae</title>
	<lastfm>tag/reggae/tracks</lastfm>
</dir>

<dir>
	<title>Hip Hop</title>
	<lastfm>tag/hip hop/tracks</lastfm>
</dir>

<dir>
	<title>Hip-Hop</title>
	<lastfm>tag/hip-hop/tracks</lastfm>
</dir>

<dir>
	<title>Rap</title>
	<lastfm>tag/rap/tracks</lastfm>
</dir>

<dir>
	<title>Bass</title>
	<lastfm>tag/bass/tracks</lastfm>
</dir>

<dir>
	<title>Pop</title>
	<lastfm>tag/pop/tracks</lastfm>
</dir>

<dir>
	<title>Funk</title>
	<lastfm>tag/funk/tracks</lastfm>
</dir>

<dir>
	<title>Soul</title>
	<lastfm>tag/soul/tracks</lastfm>
</dir>

<dir>
	<title>Blues</title>
	<lastfm>tag/blues/tracks</lastfm>
</dir>

<dir>
	<title>Jazz</title>
	<lastfm>tag/jazz/tracks</lastfm>
</dir>

<dir>
	<title>Bluegrass</title>
	<lastfm>tag/bluegrass/tracks</lastfm>
</dir>

<dir>
	<title>Folk</title>
	<lastfm>tag/folk/tracks</lastfm>
</dir>

<dir>
	<title>Country</title>
	<lastfm>tag/country/tracks</lastfm>
</dir>

<dir>
	<title>Rock</title>
	<lastfm>tag/rock/tracks</lastfm>
</dir>

<dir>
	<title>Classic Rock</title>
	<lastfm>tag/classic rock/tracks</lastfm>
</dir>

<dir>
	<title>Alternative</title>
	<lastfm>tag/alternative/tracks</lastfm>
</dir>

<dir>
	<title>Heavy Metal</title>
	<lastfm>tag/heavy metal/tracks</lastfm>
</dir>

<dir>
	<title>Grunge</title>
	<lastfm>tag/grunge/tracks</lastfm>
</dir>

<dir>
	<title>Indie</title>
	<lastfm>tag/indie/tracks</lastfm>
</dir>

<dir>
	<title>Punk</title>
	<lastfm>tag/punk/tracks</lastfm>
</dir>

<dir>
	<title>Classical</title>
	<lastfm>tag/classical/tracks</lastfm>
</dir>

<dir>
	<title>Easy Listening</title>
	<lastfm>tag/easy listening/tracks</lastfm>
</dir>

<dir>
	<title>Comedy</title>
	<lastfm>tag/comedy/tracks</lastfm>
</dir>

<dir>
	<title>Book</title>
	<lastfm>tag/book/tracks</lastfm>
</dir>

<dir>
	<title>Progressive</title>
	<lastfm>tag/progressive/tracks</lastfm>
</dir>

<dir>
	<title>Downtempo</title>
	<lastfm>tag/downtempo/tracks</lastfm>
</dir>

<dir>
	<title>Chopped</title>
	<lastfm>tag/chopped/tracks</lastfm>
</dir>

<dir>
	<title>Disco</title>
	<lastfm>tag/disco/tracks</lastfm>
</dir>

<dir>
	<title>Salsa</title>
	<lastfm>tag/salsa/tracks</lastfm>
</dir>

<dir>
	<title>Dance</title>
	<lastfm>tag/dance/tracks</lastfm>
</dir>

<dir>
	<title>Club</title>
	<lastfm>tag/club/tracks</lastfm>
</dir>

<dir>
	<title>Techno</title>
	<lastfm>tag/techno/tracks</lastfm>
</dir>

<dir>
	<title>Dubstep</title>
	<lastfm>tag/dubstep/tracks</lastfm>
</dir>

<dir>
	<title>Trance</title>
	<lastfm>tag/trance/tracks</lastfm>
</dir>

<dir>
	<title>Electronic</title>
	<lastfm>tag/electronic/tracks</lastfm>
</dir>

<dir>
	<title>Chiptune</title>
	<lastfm>tag/chiptune/tracks</lastfm>
</dir>

<dir>
	<title>Game</title>
	<lastfm>tag/game/tracks</lastfm>
</dir>


</xml>