<?xml version="1.0" encoding="UTF-8" standalone="yes"?>
<addon id="script.module.Scrubs" name="[COLOR red]Scrubs Module(Uninstall)[/COLOR]" version="2.5" provider-name="JewBMX">
    <requires>
        <import addon="xbmc.python" version="2.1.0" />
        <import addon="script.module.requests" />
        <import addon="script.module.beautifulsoup4" />
    </requires>
    <extension point="xbmc.python.module" library="lib" />
    <extension point="xbmc.addon.metadata">
        <summary>Scrubs Module(Uninstall)</summary>
        <description>Scrubs Module(Uninstall)</description>
        <platform>all</platform>
        <assets>
            <icon>icon.jpg</icon>
            <news>New Addon Name Is Scrubsv2, Install it instead.</news>
        </assets>
    </extension>
</addon>
