<?xml version="1.0" encoding="UTF-8" standalone="yes"?>
<addon id="script.module.Scrubs" name="[COLOR orange]Scrubs Module[/COLOR]" version="2.0" provider-name="JewBMX">
	<requires>
		<import addon="xbmc.python" version="2.1.0" />
		<import addon="script.module.requests" />
		<import addon="script.module.beautifulsoup4" />
	</requires>
	<extension point="xbmc.python.module" library="lib" />
	<extension point="xbmc.addon.metadata">
		<summary>Scrubs Module</summary>
		<description>Scrubs Module</description>
		<platform>all</platform>
		<assets>
			<icon>icon.jpg</icon>
		</assets>
	</extension>
</addon>
