<xml>

<item>
	<title>[COLOR purple][B]---------------[/COLOR][COLOR grey]Main Menu[/COLOR][COLOR purple]---------------[/B][/COLOR]</title>
	<heading></heading>
</item>
<dir>
	<title>50 Latest Releases (WatchCartoons)</title>
	<wctoon>topfifty/last-50-recent-release</wctoon>
</dir>
<dir>
	<title>Latest Series Added (WatchCartoons)</title>
	<wctoon>main/recent-release-main/1</wctoon>
</dir>
<dir>
	<title>Most Popular Series (WatchCartoons)</title>
	<wctoon>main/sidebar-titles/0</wctoon>
</dir>
<dir>
	<title>Anime (TMDB)</title>
	<tmdb>list/62756</tmdb>
</dir>
<dir>
	<title>Dubbed Anime (WatchCartoons)(Big)</title>
	<wctoon>category/dubbed-anime-list</wctoon>
</dir>
<dir>
	<title>Subbed Anime (WatchCartoons)(Big)</title>
	<wctoon>category/subbed-anime-list</wctoon>
</dir>
<dir>
	<title>Cartoons (WatchCartoons)(Big)</title>
	<wctoon>category/cartoon-list</wctoon>
</dir>
<dir>
	<title>Cartoon Series (B98tv)</title>
	<B98>serieslist/videos_categories/series</B98>
</dir> 
<dir>
	<title>Animation Shows (TMDB)</title>
	<tmdb>genre/shows/16</tmdb>
</dir>
<dir>
	<title>Family Shows (TMDB)</title>
	<tmdb>genre/shows/10751</tmdb>
</dir>
<dir>
	<title>Kids Shows (TMDB)</title>
	<tmdb>genre/shows/10762</tmdb>
</dir>
<dir>
	<title>The Kids Networks (TVmaze)</title>
	<link>file://shared/jew-networks3.xml</link>
</dir>
<dir>
	<title>Kids TV Networks (TMDB)</title>
	<link>file://shared/tv-networks.xml</link>
</dir>
<dir>
	<title>Genres (WatchCartoons)</title>
	<wctoon>wcgenre/all</wctoon>
</dir>
<dir>
	<title>[COLOR red]X[COLOR orange]T[COLOR yellow]R[COLOR green]A[/COLOR]</title>
	<link>file://mxtra.xml</link>
</dir>
<item>
	<title>[COLOR purple][B]--------------------------------------------------[/COLOR][/B]</title>
	<heading></heading>
</item>
<dir>
    <title>[COLOR grey][B]Search Em[/COLOR][/B]</title>
    <summary>All the Main Search Stuff in 1 Place.</summary>
    <link>file://msearch.xml</link>
	<thumbnail>special://home/addons/plugin.video.beardedbandit/resources/images/icons/Search.png</thumbnail>
</dir>
<item>
	<title>[COLOR purple][B]--------------------------------------------------[/COLOR][/B]</title>
	<heading></heading>
</item>
<dir>
    <title>[COLOR grey][B]Quick Tools[/COLOR][/B]</title>
    <summary>All the Needed and Not Needed Tools.</summary>
    <link>file://msettings.xml</link>
	<thumbnail>special://home/addons/plugin.video.beardedbandit/resources/images/icons/Quicktools.png</thumbnail>
</dir>
<item>
	<title>[COLOR purple][B]--------------------------------------------------[/COLOR][/B]</title>
	<heading></heading>
</item>
</xml>