<xml>

<item>
	<title>[COLOR purple][B]---------------[/COLOR][COLOR grey]Quick Tools Menu[/COLOR][COLOR purple]---------------[/B][/COLOR]</title>
	<heading></heading>
</item>

<plugin>
    <title>Clear Cache</title>
    <link>plugin://plugin.video.toontopia/?mode=clearCache</link>
</plugin>

<item>
	<title>Pair Up</title>
	<pairwith>pairlist</pairwith>
</item>

<plugin>
	<title>Re-Authorize REAL-DEBRID (Resolve-URL)</title>
	<link>plugin://script.module.resolveurl/?mode=auth_rd</link>
</plugin>

<plugin>
	<title>Re-Authorize REAL-DEBRID (URL-Resolver)</title>
	<link>plugin://script.module.urlresolver/?mode=auth_rd</link>
</plugin>

<item>
	<title>[COLOR purple][B]--------------------------------------------------[/COLOR][/B]</title>
	<heading></heading>
</item>


</xml>