<xml>

<item>
	<title>[COLOR purple][B]---------------[/COLOR][COLOR grey]Extra Menu[/COLOR][COLOR purple]---------------[/B][/COLOR]</title>
	<heading></heading>
</item>

<dir>
	<title>Kids Movie Productions (TMDB)</title>
	<link>file://shared/movie-production.xml</link>
</dir>

<dir>
	<title>Kids BoxSets (TMDB)</title>
	<link>file://shared/boxsets-kids.xml</link>
</dir>

<dir>
	<title>Movies (WatchCartoons)(Big)</title>
	<wctoon>category/movie-list</wctoon>
</dir>

<dir>
	<title>Animation Movies (TMDB)</title>
	<tmdb>genre/movies/16</tmdb>
</dir>

<dir>
	<title>Family Movies (TMDB)</title>
	<tmdb>genre/movies/10751</tmdb>
</dir>

<dir>
	<title>DC Animated Movies (TMDB)</title>
	<summary>list by pnunez1310.</summary>
	<tmdb>list/62764</tmdb>
</dir>

<dir>
	<title>Marvel Animated Movies (TMDB)</title>
	<summary>list by pnunez1310.</summary>
	<tmdb>list/62905</tmdb>
</dir>

<item>
	<title>[COLOR purple][B]--------------------------------------------------[/COLOR][/B]</title>
	<heading></heading>
</item>


</xml>