<xml>

<dir>
<title>28 Days/Weeks Later Collection</title>
<tmdb>collection/1565</tmdb>
<thumbnail>https://image.tmdb.org/t/p/w1280/4AeGz1Jwnq6ky2kfLT95Tm8nEiw.jpg</thumbnail>
<fanart>https://image.tmdb.org/t/p/original/bpn1vynevsKLwAMRikY1L6cb18p.jpg</fanart>
</dir>

<dir>
<title>30 Days of Night Collection</title>
<tmdb>collection/91660</tmdb>
<thumbnail>https://image.tmdb.org/t/p/w1280/fRAZnIegztYTPsM9eGjSUusKUYM.jpg</thumbnail>
<fanart>https://image.tmdb.org/t/p/original/uKN4mENg8BVeKCxwWXGCvFeUim8.jpg</fanart>
</dir>

<dir>
<title>American Psycho Collection</title>
<tmdb>collection/86105</tmdb>
<thumbnail>https://image.tmdb.org/t/p/w1280/ko4O9lcRGYOZAF5Hh79Mfsgjpun.jpg</thumbnail>
<fanart>https://image.tmdb.org/t/p/original/5nrkaUQe4m3FLYJrFPGnkMGeQXD.jpg</fanart>
</dir>

<dir>
<title>American Werewolf Collection</title>
<tmdb>collection/9380</tmdb>
<thumbnail>https://image.tmdb.org/t/p/w1280/lmGA5MhSb0jFzRdR74yzsUqgtgI.jpg</thumbnail>
<fanart>https://image.tmdb.org/t/p/original/Aa3snJ9wKKNkqjU4tAt3Kn4AL2U.jpg</fanart>
</dir>

<dir>
<title>The Amityville Collection</title>
<tmdb>collection/397842</tmdb>
<thumbnail>https://image.tmdb.org/t/p/w1280/stPXPasI1lvxJRJJuDCKBr6X836.jpg</thumbnail>
<fanart>https://image.tmdb.org/t/p/original/kPfuozrsE7pmFFolkR0xFicZDJT.jpg</fanart>
</dir>

<dir>
<title>Annabelle Collection</title>
<tmdb>collection/402074</tmdb>
<thumbnail>https://image.tmdb.org/t/p/w1280/zJfExJWUgugWziREAikeAW69poY.jpg</thumbnail>
<fanart>https://image.tmdb.org/t/p/original/9e4RfbKBCrQIPKL8Ix8OgibxwJa.jpg</fanart>
</dir>

<dir>
<title>A Nightmare on Elm Street Collection</title>
<tmdb>collection/8581</tmdb>
<thumbnail>https://image.tmdb.org/t/p/w1280/BcgmrOz69AUBRukw5LLGeYsOgo.jpg</thumbnail>
<fanart>https://image.tmdb.org/t/p/original/xDScJToK3YDTZmxNqQ0hFTObeXq.jpg</fanart>
</dir>

<dir>
<title>Basket Case Collection</title>
<tmdb>collection/104716</tmdb>
<thumbnail>https://image.tmdb.org/t/p/w1280/6DdpgHlruy4h6tfpwctFUw0inVj.jpg</thumbnail>
<fanart>https://image.tmdb.org/t/p/original/1R3D39kne1LX2TYcsQ7kly8D9Zb.jpg</fanart>
</dir>

<dir>
<title>Blair Witch Collection</title>
<tmdb>collection/64750</tmdb>
<thumbnail>https://image.tmdb.org/t/p/w1280/qDQuKJZYLHrs1Ej64tYYFooFxc1.jpg</thumbnail>
<fanart>https://image.tmdb.org/t/p/original/e5GwLq0zBer3SuSJZodcNROnT6Z.jpg</fanart>
</dir>

<dir>
<title>The Boogeyman Collection</title>
<tmdb>collection/96937</tmdb>
<thumbnail>https://image.tmdb.org/t/p/w1280/rR4Vga4sQhD4YTF7QtMxkfMvN6F.jpg</thumbnail>
<fanart>https://image.tmdb.org/t/p/original/oVP6PrxHf4D745QJ2Pp8ojSpcqF.jpg</fanart>
</dir>

<dir>
<title>The Cabin Fever Collection</title>
<tmdb>collection/201576</tmdb>
<thumbnail>https://image.tmdb.org/t/p/w1280/u4SLX7S1SdBzaUzPpGWfRaEa1E1.jpg</thumbnail>
<fanart>https://image.tmdb.org/t/p/original/j82lEJUxFlXC35Pi75P3sAbkTUq.jpg</fanart>
</dir>

<dir>
<title>Candyman Collection</title>
<tmdb>collection/98580</tmdb>
<thumbnail>https://image.tmdb.org/t/p/w1280/7yGuKyI0YOBZcOcfwP90WkAbwgD.jpg</thumbnail>
<fanart>https://image.tmdb.org/t/p/original/hJjCx4njVdHJobhvr84e5J6MgTw.jpg</fanart>
</dir>

<dir>
<title>Children of the Corn Collection</title>
<tmdb>collection/115225</tmdb>
<thumbnail>https://image.tmdb.org/t/p/w1280/v6auJblMcNxUmZx23mQXMHmzyY3.jpg</thumbnail>
<fanart>https://image.tmdb.org/t/p/original/g4aK8Up5zSegesJdMYbxDcndn20.jpg</fanart>
</dir>

<dir>
<title>Child's Play Collection</title>
<tmdb>collection/10455</tmdb>
<thumbnail>https://image.tmdb.org/t/p/w1280/50aqbDvbOtdlZrje6Qk4ZvKM7dM.jpg</thumbnail>
<fanart>https://image.tmdb.org/t/p/original/AAhYXBVIEl6WgQnzfBsauTIC25.jpg</fanart>
</dir>

<dir>
<title>The Conjuring Collection</title>
<tmdb>collection/313086</tmdb>
<thumbnail>https://image.tmdb.org/t/p/w1280/z5VKhNSQKQyxm0co68HAkCqHnmX.jpg</thumbnail>
<fanart>https://image.tmdb.org/t/p/original/opwZzjx69QvbSX1zbC0sc4J4KBX.jpg</fanart>
</dir>

<dir>
<title>Creepshow Collection</title>
<tmdb>collection/107725</tmdb>
<thumbnail>https://image.tmdb.org/t/p/w1280/wvoSFYgc36Zz2j8eDvysKDW1FZ.jpg</thumbnail>
<fanart>https://image.tmdb.org/t/p/original/yGxQgs3qBfmKk7VKT8VfyLKkA1I.jpg</fanart>
</dir>

<dir>
<title>Critters Collection</title>
<tmdb>collection/10893</tmdb>
<thumbnail>https://image.tmdb.org/t/p/w1280/rWZytVHeFsADHeuoPCIf4c7Qepb.jpg</thumbnail>
<fanart>https://image.tmdb.org/t/p/original/9K0ycQWRv4vSL1oM8y7dOXwFpy6.jpg</fanart>
</dir>

<dir>
<title>The Descent Collection</title>
<tmdb>collection/87258</tmdb>
<thumbnail>https://image.tmdb.org/t/p/w1280/nKF0faDJsoALc70tptEoQsQsIUq.jpg</thumbnail>
<fanart>https://image.tmdb.org/t/p/original/5I9Avp1dL16ZaO1qkVSfo0k3PpC.jpg</fanart>
</dir>

<dir>
<title>Dracula (Universal Series)</title>
<tmdb>collection/221539</tmdb>
<thumbnail>https://image.tmdb.org/t/p/w1280/srgkikGqQD32mhaq8wT6Qz2eLcD.jpg</thumbnail>
<fanart>https://image.tmdb.org/t/p/original/sdbStuQ5qEPZqqWUlNlBd0dPtBT.jpg</fanart>
</dir>

<dir>
<title>Dracula 2000 Collection</title>
<tmdb>collection/115822</tmdb>
<thumbnail>https://image.tmdb.org/t/p/w1280/pUEwGiauaZXUKTocXmzX7GlyYD4.jpg</thumbnail>
<fanart>https://image.tmdb.org/t/p/original/aD4nL9HsMDU8sCEAe7wdeHMiSr2.jpg</fanart>
</dir>

<dir>
<title>Dracula (Hammer Series)</title>
<tmdb>collection/123724</tmdb>
<thumbnail>https://image.tmdb.org/t/p/w1280/n5SozLvdQZ7cYJb22ZIwNw1DzSg.jpg</thumbnail>
<fanart>https://image.tmdb.org/t/p/original/hybYYwBqaomfePU3uaiJfpg7ykC.jpg</fanart>
</dir>

<dir>
<title>Living Dead Collection</title>
<tmdb>collection/261590</tmdb>
<thumbnail>https://image.tmdb.org/t/p/w1280/mSJ20RTWWgtt3aTyn1iwNZ9fbYl.jpg</thumbnail>
<fanart>https://image.tmdb.org/t/p/original/inPPfnJ9Wzc9rg1MpkPm0P3D9rJ.jpg</fanart>
</dir>

<dir>
<title>Evil Dead Collection</title>
<tmdb>collection/1960</tmdb>
<thumbnail>https://image.tmdb.org/t/p/w1280/eWFADubShlTEUiNsPcN6BMOKakr.jpg</thumbnail>
<fanart>https://image.tmdb.org/t/p/original/jrLLRe7pctP1aFDRuD9mt59YGHX.jpg</fanart>
</dir>

<dir>
<title>The Exorcist Collection</title>
<tmdb>collection/12263</tmdb>
<thumbnail>https://image.tmdb.org/t/p/w1280/wjMqwHkOuDBSOY5MujL5GSdlBTk.jpg</thumbnail>
<fanart>https://image.tmdb.org/t/p/original/gZnEheMdhKxSZQUEzphCHXldud1.jpg</fanart>
</dir>

<dir>
<title>Final Destination Collection</title>
<tmdb>collection/8864</tmdb>
<thumbnail>https://image.tmdb.org/t/p/w1280/mZUyhsfIthTl5rfdeSox702Ircr.jpg</thumbnail>
<fanart>https://image.tmdb.org/t/p/original/y3aWOInifbGKXM34KjtcMITrZRZ.jpg</fanart>
</dir>

<dir>
<title>Frankenstein (Hammer Series)</title>
<tmdb>collection/123720</tmdb>
<thumbnail>https://image.tmdb.org/t/p/w1280/fKiok5TbCKWRgfNd4Rj8gPMzGJp.jpg</thumbnail>
<fanart>https://image.tmdb.org/t/p/original/gl9Gi60C9WYVkObOMll19OROhMC.jpg</fanart>
</dir>

<dir>
<title>Frankenstein (Universal Series)</title>
<tmdb>collection/218406</tmdb>
<thumbnail>https://image.tmdb.org/t/p/w1280/2PJYpPHOqnVMXelHV1T4t6zra4i.jpg</thumbnail>
<fanart>https://image.tmdb.org/t/p/original/oR3GHwhvOcjn124b7wOZl9SHh8G.jpg</fanart>
</dir>

<dir>
<title>Friday the 13th Collection</title>
<tmdb>collection/9735</tmdb>
<thumbnail>https://image.tmdb.org/t/p/w1280/uobgqpLQff9WvxGKE2OSvXv1RHm.jpg</thumbnail>
<fanart>https://image.tmdb.org/t/p/original/c7pMKwv5NzIN6N3KM4L8fYMTtPw.jpg</fanart>
</dir>

<dir>
<title>Fright Night Collection</title>
<tmdb>collection/98168</tmdb>
<thumbnail>https://image.tmdb.org/t/p/w1280/4u9zOuYFwfks3ZO2FvgduYnjUi2.jpg</thumbnail>
<fanart>https://image.tmdb.org/t/p/original/qFkOju5f8h7SayY33Zm8A1dl943.jpg</fanart>
</dir>

<dir>
<title>From Dusk Till Dawn Collection</title>
<tmdb>collection/10924</tmdb>
<thumbnail>https://image.tmdb.org/t/p/w1280/a156nAy5ZTGXlO5wgfvnF26aaDB.jpg</thumbnail>
<fanart>https://image.tmdb.org/t/p/original/oIJQPVy33uxBAu9LMXwjsgHLyxP.jpg</fanart>
</dir>

<dir>
<title>Grave Encounters Collection</title>
<tmdb>collection/135466</tmdb>
<thumbnail>https://image.tmdb.org/t/p/w1280/1vLfiFfyJp95vpPDUfH3kRMxn5G.jpg</thumbnail>
<fanart>https://image.tmdb.org/t/p/original/9gKwnJbPjY65EVb5oFlbmY4qF2p.jpg</fanart>
</dir>

<dir>
<title>The Grudge Collection</title>
<tmdb>collection/1974</tmdb>
<thumbnail>https://image.tmdb.org/t/p/w1280/dohOSIYDEK42stdfKo0pQfrve0h.jpg</thumbnail>
<fanart>https://image.tmdb.org/t/p/original/nRfDTqIuaVLu2aB0qFuSmw8btp0.jpg</fanart>
</dir>

<dir>
<title>Halloween Collection</title>
<tmdb>collection/91361</tmdb>
<thumbnail>https://image.tmdb.org/t/p/w1280/2uqHV6YcD9jEL2WuJYjXiiuRDqd.jpg</thumbnail>
<fanart>https://image.tmdb.org/t/p/original/mmxf1sOe2T1sma0tH0TgTdcit1p.jpg</fanart>
</dir>

<dir>
<title>Halloween (Rob Zombie Series) Collection</title>
<tmdb>collection/126209</tmdb>
<thumbnail>https://image.tmdb.org/t/p/w1280/eFfRMP387MTJ4jl0gcE5jvS9XXN.jpg</thumbnail>
<fanart>https://image.tmdb.org/t/p/original/tXXPOkcFLcDiJ4OU5SOU3JnhQrg.jpg</fanart>
</dir>

<dir>
<title>The Hannibal Lecter Anthology</title>
<tmdb>collection/9743</tmdb>
<thumbnail>https://image.tmdb.org/t/p/w1280/aRbyr3KsdmIczGh6VrlvlgQdwMQ.jpg</thumbnail>
<fanart>https://image.tmdb.org/t/p/original/npCbvak9UhjPsZB9Oa2k2jsqI7E.jpg</fanart>
</dir>

<dir>
<title>Hatchet Collection</title>
<tmdb>collection/124901</tmdb>
<thumbnail>https://image.tmdb.org/t/p/w1280/5bfVy15nzU4Q9rX3bekEadpy8CR.jpg</thumbnail>
<fanart>https://image.tmdb.org/t/p/original/f3q5nrEJrhRFr0c2proh8Q9x4xx.jpg</fanart>
</dir>

<dir>
<title>Hellraiser Collection</title>
<tmdb>collection/8917</tmdb>
<thumbnail>https://image.tmdb.org/t/p/w1280/lIK0UgJsA18Z5I1PwpucXzgyF3A.jpg</thumbnail>
<fanart>https://image.tmdb.org/t/p/original/uaEUgCqB6lGkvM4Wy5blNwLJdfa.jpg</fanart>
</dir>

<dir>
<title>The Hills Have Eyes (Original) Collection</title>
<tmdb>collection/267922</tmdb>
<thumbnail>https://image.tmdb.org/t/p/w1280/AbGcpZEihHoR0M7Ls2qTPX4HF60.jpg</thumbnail>
<fanart>https://image.tmdb.org/t/p/original/3Tezeh4KTsqPqFKqatjtd3cAjMk.jpg</fanart>
</dir>

<dir>
<title>The Hills Have Eyes (Reboot) Collection</title>
<tmdb>collection/8918</tmdb>
<thumbnail>https://image.tmdb.org/t/p/w1280/gtD46W2GXsdGOFa9jfUT3G0OEij.jpg</thumbnail>
<fanart>https://image.tmdb.org/t/p/original/A0LX8YBYBZtfj0gR5Pkgz87cmcb.jpg</fanart>
</dir>

<dir>
<title>Hostel Collection</title>
<tmdb>collection/86578</tmdb>
<thumbnail>https://image.tmdb.org/t/p/w1280/2jLQFRlH8CC9cptcANY5cEtC1q8.jpg</thumbnail>
<fanart>https://image.tmdb.org/t/p/original/rXf4gEh8m3ZcK9KHkxT78Kscxee.jpg</fanart>
</dir>

<dir>
<title>House on Haunted Hill Collection</title>
<tmdb>collection/248339</tmdb>
<thumbnail>https://image.tmdb.org/t/p/w1280/zzbnXD3zTzrZUm7vTyncNhngC6W.jpg</thumbnail>
<fanart>https://image.tmdb.org/t/p/original/zDPoIqkC0SGWCQrcKyJpZJZEF1E.jpg</fanart>
</dir>

<dir>
<title>The Howling Collection</title>
<tmdb>collection/174218</tmdb>
<thumbnail>https://image.tmdb.org/t/p/w1280/ci6CZhFFLm0r3fDomXlRAmCEesr.jpg</thumbnail>
<fanart>https://image.tmdb.org/t/p/original/a0UuiTYxqMmj5Ll26rORaFoTKBc.jpg</fanart>
</dir>

<dir>
<title>The Human Centipede Collection</title>
<tmdb>collection/96671</tmdb>
<thumbnail>https://image.tmdb.org/t/p/w1280/mv0MySTqfXg2ndthOkBg6bGwlnk.jpg</thumbnail>
<fanart>https://image.tmdb.org/t/p/original/iNRMelQcaKeVdinF28uU9YOmvYx.jpg</fanart>
</dir>

<dir>
<title>I Know What You Did Last Summer Collection</title>
<tmdb>collection/3601</tmdb>
<thumbnail>https://image.tmdb.org/t/p/w1280/2g6Ui3CCNcDtL4wasCziivogpfW.jpg</thumbnail>
<fanart>https://image.tmdb.org/t/p/original/g7RBq92ijQg1MAF2hF69rWT6Ux8.jpg</fanart>
</dir>

<dir>
<title>I Spit on Your Grave (Original) Collection</title>
<tmdb>collection/296429</tmdb>
<thumbnail>https://image.tmdb.org/t/p/w1280/vXRFv7XWA8TbPFGXgDpBWJYNuYv.jpg</thumbnail>
<fanart></fanart>
</dir>

<dir>
<title>I Spit on Your Grave Collection</title>
<tmdb>collection/219691</tmdb>
<thumbnail>https://image.tmdb.org/t/p/w1280/twoKFP4fjfOReWw8U13P39cj8xG.jpg</thumbnail>
<fanart>https://image.tmdb.org/t/p/original/y0UVHxtgIT1TtArCibBtk7wKnfT.jpg</fanart>
</dir>

<dir>
<title>Insidious Collection</title>
<tmdb>collection/228446</tmdb>
<thumbnail>https://image.tmdb.org/t/p/w1280/fct5wsWu6niDIGRIC4aWEsN5Npa.jpg</thumbnail>
<fanart>https://image.tmdb.org/t/p/original/lBtXKcC8l2kVPW7prMJBZELvvS9.jpg</fanart>
</dir>

<dir>
<title>Jeepers Creepers Collection</title>
<tmdb>collection/94899</tmdb>
<thumbnail>https://image.tmdb.org/t/p/w1280/2qyn3GJXqLP54fbWazRGvsnkmAA.jpg</thumbnail>
<fanart>https://image.tmdb.org/t/p/original/mzFtvzOdmuDYoQQuOzulsJkAUQB.jpg</fanart>
</dir>

<dir>
<title>Lake Placid Collection</title>
<tmdb>collection/97768</tmdb>
<thumbnail>https://image.tmdb.org/t/p/w1280/x3f6Wcshd4E5tyaFZ1rBglusvAl.jpg</thumbnail>
<fanart>https://image.tmdb.org/t/p/original</fanart>
</dir>


<dir>
<title>The Mummy (Hammer Series)</title>
<tmdb>collection/138965</tmdb>
<thumbnail>https://image.tmdb.org/t/p/w1280/90f5SF3s02ndW498kGdm2lIVpYp.jpg</thumbnail>
<fanart>https://image.tmdb.org/t/p/original/iLmCaLaw9Tn8JeFtUbhlaNVFcga.jpg</fanart>
</dir>

<dir>
<title>Night of the Demons Collection</title>
<tmdb>collection/136218</tmdb>
<thumbnail>https://image.tmdb.org/t/p/w1280/5GrdNoRI4cHrIlm5XrjinS4HVvm.jpg</thumbnail>
<fanart>https://image.tmdb.org/t/p/original/vuMASrjy8ItbQXQbZGBz7Vhdo0I.jpg</fanart>
</dir>

<dir>
<title>The Omen Collection</title>
<tmdb>collection/10919</tmdb>
<thumbnail>https://image.tmdb.org/t/p/w1280/5De8Hqq0z9gmDM7SbWU0C5pTjPC.jpg</thumbnail>
<fanart>https://image.tmdb.org/t/p/original/97vU4Y2bBmoJ3Mwi3uOAL8ahdUC.jpg</fanart>
</dir>

<dir>
<title>Open Water Collection</title>
<tmdb>collection/86113</tmdb>
<thumbnail>https://image.tmdb.org/t/p/w1280/85FaIaxEgpHolq41GSBYF4c14nj.jpg</thumbnail>
<fanart>https://image.tmdb.org/t/p/original/2vc1MmKa9vMPQerdwLa3fZVhBOS.jpg</fanart>
</dir>

<dir>
<title>Paranormal Activity Collection</title>
<tmdb>collection/41437</tmdb>
<thumbnail>https://image.tmdb.org/t/p/w1280/lYXAMmm9XlYmj5Dr4O9diLQVCJS.jpg</thumbnail>
<fanart>https://image.tmdb.org/t/p/original/hZMiAPeINRH0M2X1PBEgn6YdULy.jpg</fanart>
</dir>

<dir>
<title>Pet Sematary Collection</title>
<tmdb>collection/10789</tmdb>
<thumbnail>https://image.tmdb.org/t/p/w1280/iySOPKFg4DgtjY9ySsJZoccMcIB.jpg</thumbnail>
<fanart>https://image.tmdb.org/t/p/original/vK18Xz065I4BvRB8r9IrH98ebVp.jpg</fanart>
</dir>

<dir>
<title>Poltergeist Collection</title>
<tmdb>collection/10453</tmdb>
<thumbnail>https://image.tmdb.org/t/p/w1280/8Z6P04pKGvCnkmHdAl2lmbfAIbN.jpg</thumbnail>
<fanart>https://image.tmdb.org/t/p/original/i8QZZV1olny9FCPNrxAL7Kk9CJy.jpg</fanart>
</dir>

<dir>
<title>Psycho Collection</title>
<tmdb>collection/119674</tmdb>
<thumbnail>https://image.tmdb.org/t/p/w1280/29pDqAgmb4idzWzuZncoT7LZplA.jpg</thumbnail>
<fanart>https://image.tmdb.org/t/p/original/bPQZkZjNnsYuPZWzoRRl9k0VSQ8.jpg</fanart>
</dir>

<dir>
<title>Pumpkinhead Collection</title>
<tmdb>collection/123256</tmdb>
<thumbnail>https://image.tmdb.org/t/p/w1280/3CHL2ezo3OclNNBQ51BRVXHE7Ji.jpg</thumbnail>
<fanart></fanart>
</dir>

<dir>
<title>Puppet Master Collection</title>
<tmdb>collection/107949</tmdb>
<thumbnail>https://image.tmdb.org/t/p/w1280/wuLaEcy10wqgiVi4nCjdPXvcCyw.jpg</thumbnail>
<fanart>https://image.tmdb.org/t/p/original/crDZjaOpoUCIOoiQ9nLIAt8ZBul.jpg</fanart>
</dir>

<dir>
<title>The Purge Collection</title>
<tmdb>collection/256322</tmdb>
<thumbnail>https://image.tmdb.org/t/p/w1280/nP3c8mTSxlis4vfg0UjlkK8LRG9.jpg</thumbnail>
<fanart>https://image.tmdb.org/t/p/original/quFWGOA4I5KCTsyDbvLh6PHNZwv.jpg</fanart>
</dir>

<dir>
<title>Quatermass (Hammer series)</title>
<tmdb>collection/123726</tmdb>
<thumbnail>https://image.tmdb.org/t/p/w1280/skk1tmdHnvySB8kADEtoOActyOc.jpg</thumbnail>
<fanart>https://image.tmdb.org/t/p/original</fanart>
</dir>

<dir>
<title>Re-Animator Collection</title>
<tmdb>collection/98036</tmdb>
<thumbnail>https://image.tmdb.org/t/p/w1280/j1v4JQUVwCDH2KKJGjFeShXp2JT.jpg</thumbnail>
<fanart>https://image.tmdb.org/t/p/original/keGIwkLEaN2iBUPnXvqGbbNOVbq.jpg</fanart>
</dir>

<dir>
<title>[REC] Collection</title>
<tmdb>collection/74508</tmdb>
<thumbnail>https://image.tmdb.org/t/p/w1280/jTA37dMZVUFej20EoM5SomKtnYi.jpg</thumbnail>
<fanart>https://image.tmdb.org/t/p/original/rDzuccVBZSyNVQ26hTRT0DvneVA.jpg</fanart>
</dir>

<dir>
<title>Resident Evil Collection</title>
<tmdb>collection/17255</tmdb>
<thumbnail>https://image.tmdb.org/t/p/w1280/bqnMPsZr9vhjJIwLxc3XzHkYORM.jpg</thumbnail>
<fanart>https://image.tmdb.org/t/p/original/8utTJ9WoQeYcZ0Ztciv6auqwLXl.jpg</fanart>
</dir>

<dir>
<title>Return of the Living Dead Collection</title>
<tmdb>collection/101471</tmdb>
<thumbnail>https://image.tmdb.org/t/p/w1280/7ekXvck6C94gKbfH6WlKK2qqdVL.jpg</thumbnail>
<fanart>https://image.tmdb.org/t/p/original/sgOyuSHKowya0OJprukWUpXsZGq.jpg</fanart>
</dir>

<dir>
<title>The Ring Collection</title>
<tmdb>collection/14563</tmdb>
<thumbnail>https://image.tmdb.org/t/p/w1280/500xj7l72BojMZ3tNBJY46tg5YJ.jpg</thumbnail>
<fanart>https://image.tmdb.org/t/p/original/jXlFymc442CEMB5h3d62GeJefnW.jpg</fanart>
</dir>

<dir>
<title>Saw Collection</title>
<tmdb>collection/656</tmdb>
<thumbnail>https://image.tmdb.org/t/p/w1280/xmC2A7qPEfiOkQC58fZh8srWQ5v.jpg</thumbnail>
<fanart>https://image.tmdb.org/t/p/original/oLfS1lOmN2KIU2IQ200SDEPVEZe.jpg</fanart>
</dir>

<dir>
<title>Scary Movie Collection</title>
<tmdb>collection/4246</tmdb>
<thumbnail>https://image.tmdb.org/t/p/w1280/rFOREADs0En0sdyj149V4E7n9aV.jpg</thumbnail>
<fanart>https://image.tmdb.org/t/p/original/qPRZ1HpvpPM81cBTwNKXlqtH9MT.jpg</fanart>
</dir>

<dir>
<title>Scream Collection</title>
<tmdb>collection/2602</tmdb>
<thumbnail>https://image.tmdb.org/t/p/w1280/3DjOcwfd8cTcKBkWTcNntAZajEg.jpg</thumbnail>
<fanart>https://image.tmdb.org/t/p/original/jPTbJp1601vLu27WhyjhpVk8w0h.jpg</fanart>
</dir>

<dir>
<title>Silent Hill Collection</title>
<tmdb>collection/64748</tmdb>
<thumbnail>https://image.tmdb.org/t/p/w1280/4cJgWqtVfVxxzpqyKkUtClHY0VM.jpg</thumbnail>
<fanart>https://image.tmdb.org/t/p/original/yBpC88ucxLLjD7rXqfA4Irk92ka.jpg</fanart>
</dir>

<dir>
<title>Silent Night, Deadly Night Collection</title>
<tmdb>collection/256296</tmdb>
<thumbnail>https://image.tmdb.org/t/p/w1280/4FqLNnITkZza1QKyTd5nprion1y.jpg</thumbnail>
<fanart>https://image.tmdb.org/t/p/original/wZM7UP8tdoZLHUgV4Lj5ixSqKSB.jpg</fanart>
</dir>

<dir>
<title>Sinister Collection</title>
<tmdb>collection/357173</tmdb>
<thumbnail>https://image.tmdb.org/t/p/w1280/uun1SgzxdQx9YIPyepoLE3ePxQh.jpg</thumbnail>
<fanart>https://image.tmdb.org/t/p/original/4JASyGk5suaz4xwMp6irzg334k6.jpg</fanart>
</dir>

<dir>
<title>Texas Chainsaw Massacre Collection</title>
<tmdb>collection/111751</tmdb>
<thumbnail>https://image.tmdb.org/t/p/w1280/lxYgt4gS4CEvfC2ZCa83IiOsOiu.jpg</thumbnail>
<fanart>https://image.tmdb.org/t/p/original/1zIwt7gUyxKhOKYXN5XNGdGxwHg.jpg</fanart>
</dir>

<dir>
<title>The Twilight Collection</title>
<tmdb>collection/33514</tmdb>
<thumbnail>https://image.tmdb.org/t/p/w1280/2o4zgGjVryMOPdNqLZWsSPqRkOH.jpg</thumbnail>
<fanart>https://image.tmdb.org/t/p/original/rv5b06YAvmekw0D6Ul2ps9JbH4C.jpg</fanart>
</dir>

<dir>
<title>The Vampire Chronicles</title>
<tmdb>collection/217704</tmdb>
<thumbnail>https://image.tmdb.org/t/p/w1280/1Iop0dywqQeD5Mm7oRVR8vZ8gkj.jpg</thumbnail>
<fanart>https://image.tmdb.org/t/p/original/5margBoJC97ZrciVpAUc0PiY6Rc.jpg</fanart>
</dir>

<dir>
<title>Vampire Karnstein (Hammer series)</title>
<tmdb>collection/123740</tmdb>
<thumbnail>https://image.tmdb.org/t/p/w1280/dsMANCcvjdU6cbw6GUtYMoODti9.jpg</thumbnail>
<fanart>https://image.tmdb.org/t/p/original/o8h3cj8cS9x3iBtzTC2UxNtneac.jpg</fanart>
</dir>

<dir>
<title>White Noise Collection</title>
<tmdb>collection/102777</tmdb>
<thumbnail>https://image.tmdb.org/t/p/w1280/vvQYwRvYQ4Q5MIwr6OSReFC5RvI.jpg</thumbnail>
<fanart>https://image.tmdb.org/t/p/original/gvg1pvlr2A7cX4CzvVwar01qWVB.jpg</fanart>
</dir>

<dir>
<title>Wishmaster Collection</title>
<tmdb>collection/135489</tmdb>
<thumbnail>https://image.tmdb.org/t/p/w1280/7nOdiSiu1b5AuNlXNuq73nLq6i6.jpg</thumbnail>
<fanart>https://image.tmdb.org/t/p/original/yCTkIUEOwc7HAGAoZGK85MK8dAd.jpg</fanart>
</dir>

<dir>
<title>The Woman in Black Collection</title>
<tmdb>collection/315560</tmdb>
<thumbnail>https://image.tmdb.org/t/p/w1280/aWMxfo5LEWkL5o4xpQcLVsbcmNp.jpg</thumbnail>
<fanart>https://image.tmdb.org/t/p/original/pw8JrqNceLQ82KWZpHg5VghWTqn.jpg</fanart>
</dir>

<dir>
<title>Wrong Turn Collection</title>
<tmdb>collection/52985</tmdb>
<thumbnail>https://image.tmdb.org/t/p/w1280/dtfQY5ZxvdHNG4HqNDy0ifwk1q6.jpg</thumbnail>
<fanart>https://image.tmdb.org/t/p/original/32IsLLCoj3mIkZbLfCKSXZVqd3k.jpg</fanart>
</dir>

<dir>
<title>Witchboard Collection</title>
<tmdb>collection/168186</tmdb>
<thumbnail>https://image.tmdb.org/t/p/w1280/qLSZTs14REiR9ZEfV2IOYS6viIZ.jpg</thumbnail>
<fanart>https://image.tmdb.org/t/p/original</fanart>
</dir>


</xml>