<xml>

<item>
	<title>[COLOR purple][B]---------------[/COLOR][COLOR grey]JewZone Menu[/COLOR][COLOR purple]---------------[/B][/COLOR]</title>
	<heading></heading>
</item>

<dir>
	<title>[COLOR orange][B]DC / Marvel[/COLOR][/B]</title>
	<summary>Everything Marvel and DC...hopefully. (Thanks to the list makers!)</summary>
	<link>file://shared/jew-dcmarvel.xml</link>
</dir>

<dir>
	<title>[COLOR orange][B]Hulu/Netflix/Amazon[/COLOR][/B]</title>
	<summary>Hulu, Netflix, and Amazon Stuff.</summary>
	<link>file://shared/jew-premium.xml</link>
</dir>

<dir>
	<title>[COLOR orange][B]Jew Favorite Networks[/COLOR][/B]</title>
	<summary>My favorite networks for tv shows.</summary>
	<link>file://shared/jew-networks.xml</link>
</dir>

<dir>
	<title>[COLOR orange][B]Top5 Trakt Users[/COLOR][/B]</title>
	<summary>My Top5 most favorite Trakt List Creators.</summary>
	<link>file://shared/jew-userlists.xml</link>
</dir>

<dir>
	<title>[COLOR orange][B]Jew Top 250 TV Shows[/COLOR][/B] (TMDB)</title>
	<summary>A list of my favorite shows that ive watched and would recommend to others.</summary>
	<tmdb>list/86660</tmdb>
</dir>

<dir>
	<title>[COLOR orange][B]JewFlix[/COLOR][/B] (Trakt)(Updated Monthly)</title>
	<summary>My version of a Recently Added list or Rental Service.</summary>
	<trakt>https://api.trakt.tv/users/jewbmx/lists/jewflix/items</trakt>
</dir>

<dir>
	<title>[COLOR orange][B]JewWatchList[/COLOR][/B] (Trakt)(Updated Randomly)</title>
	<summary>What im watching lately lol.</summary>
	<trakt>https://api.trakt.tv/users/jewbmx/lists/jewwatchlist/items</trakt>
</dir>

<dir>
	<title>[COLOR orange][B]JewList[/COLOR][/B] (Trakt)</title>
	<summary>A huge collection of all my favorite movies ever seen.</summary>
	<trakt>https://api.trakt.tv/users/jewbmx/lists/jewlist/items</trakt>
</dir>

<dir>
	<title>[COLOR orange][B]All Jew Trakt Lists[/COLOR][/B]</title>
	<summary>This is to see all my Trakt lists. Incase I make more.</summary>
	<trakt>https://api.trakt.tv/users/jewbmx/lists</trakt>
</dir>

<dir>
	<title>[COLOR orange][B]The Future[/COLOR][/B] (Hosted Online)</title>
	<summary>This is a page(portal) for adding new or custom stuff.(also requested stuff.)</summary>
	<link>https://raw.githubusercontent.com/jewbmx/xml/master/thefuture/future-main.xml</link>
</dir>

<item>
	<title>[COLOR purple][B]--------------------------------------------------[/COLOR][/B]</title>
	<heading></heading>
</item>

<dir>
	<title>[COLOR red][B]Trakt[/COLOR] [COLOR grey]Stuff[/COLOR][/B]</title>
	<summary>All Your Trakt Stuff.</summary>
	<link>file://mtrakt.xml</link>
	<thumbnail>special://home/addons/plugin.video.beardedbandit/resources/images/trakt.png</thumbnail>
</dir>

<dir>
    <title>[COLOR grey][B]Search Em[/COLOR][/B]</title>
    <summary>All The Main Search Stuff in 1 Place.</summary>
    <link>file://msearch.xml</link>
	<thumbnail>special://home/addons/plugin.video.beardedbandit/resources/images/icons/Search.png</thumbnail>
</dir>

<dir>
    <title>[COLOR grey][B]Quick Tools[/COLOR][/B]</title>
    <summary>All The Needed and Not Needed Tools.</summary>
    <link>file://msettings.xml</link>
	<thumbnail>special://home/addons/plugin.video.beardedbandit/resources/images/icons/Quicktools.png</thumbnail>
</dir>

<item>
	<title>[COLOR purple][B]--------------------------------------------------[/COLOR][/B]</title>
	<heading></heading>
</item>


</xml>