<xml>

<item>
	<title>[COLOR purple][B]---------------[/COLOR][COLOR grey]Jew Favorite Networks Menu[/COLOR][COLOR purple]---------------[/B][/COLOR]</title>
	<heading></heading>
</item>

<dir>
	<title>The Basic Networks (TVmaze)</title>
	<summary>The standard basic cable networks.</summary>
	<link>file://shared/jew-networks1.xml</link>
</dir>

<dir>
	<title>The Special Networks (TVmaze)</title>
	<summary>The standard special cable networks.</summary>
	<link>file://shared/jew-networks2.xml</link>
</dir>

<dir>
	<title>The Kids Networks (TVmaze)</title>
	<summary>The standard kiddie cable networks.</summary>
	<link>file://shared/jew-networks3.xml</link>
</dir>

<dir>
	<title>The Sports Networks (TVmaze)</title>
	<summary>The standard sports cable networks.</summary>
	<link>file://shared/jew-networks4.xml</link>
</dir>

<dir>
	<title>Web Channels (TVmaze)(Dope!)</title>
	<summary>All the awesome sources like hulu and netflix.</summary>
	<tvmaze>web_channel/1</tvmaze>
</dir>

<item>
	<title>[COLOR purple][B]--------------------------------------------------[/COLOR][/B]</title>
	<heading></heading>
</item>


</xml>