<xml>

<item>
	<title>[COLOR purple][B]---------------[/COLOR][COLOR grey]Hulu/Netflix/Amazon Menu[/COLOR][COLOR purple]---------------[/B][/COLOR]</title>
	<heading></heading>
</item>

<dir>
	<title>Hulu Network (TMDB)</title>
	<tmdb>network/shows/453</tmdb>
</dir>

<dir>
	<title>Hulu Network (Trakt)</title>
	<trakt>https://api.trakt.tv/users/aclo_networks/lists/tv-shows-hulu/items</trakt>
</dir>

<dir>
	<title>Hulu Originals (TMDB)</title>
	<tmdb>list/47716</tmdb>
</dir>

<dir>
	<title>Hulu Originals (Trakt)</title>
	<trakt>https://api.trakt.tv/users/carntynelockup/lists/hulu/items</trakt>
</dir>

<dir>
	<title>Netflix Network (TMDB)</title>
	<tmdb>network/shows/213</tmdb>
</dir>

<dir>
	<title>Netflix Network (Trakt)</title>
	<trakt>https://api.trakt.tv/users/aclo_networks/lists/tv-shows-netflix/items</trakt>
</dir>

<dir>
	<title>Netflix Originals (TMDB)</title>
	<tmdb>list/47713</tmdb>
</dir>

<dir>
	<title>Netflix Originals (Trakt)</title>
	<trakt>https://api.trakt.tv/users/gorkita/lists/netflix-original-tv-series/items</trakt>
</dir>

<dir>
	<title>Amazon Network (TMDB)</title>
	<tmdb>network/shows/1024</tmdb>
</dir>

<dir>
	<title>Amazon Network (Trakt)</title>
	<trakt>https://api.trakt.tv/users/aclo_networks/lists/tv-shows-amazon/items</trakt>
</dir>

<dir>
	<title>Amazon Originals (TMDB)</title>
	<tmdb>list/47714</tmdb>
</dir>

<dir>
	<title>Amazon Originals (Trakt)</title>
	<trakt>https://api.trakt.tv/users/gorkita/lists/amazon-original-tv-series/items</trakt>
</dir>

<dir>
	<title>Web Channels (TVmaze)</title>
	<tvmaze>web_channel/1</tvmaze>
</dir>

<item>
	<title>[COLOR purple][B]--------------------------------------------------[/COLOR][/B]</title>
	<heading></heading>
</item>


</xml>