<xml>

<item>
	<title>[COLOR purple][B]---------------[/COLOR][COLOR grey]Find By Menu[/COLOR][COLOR purple]---------------[/B][/COLOR]</title>
	<heading></heading>
</item>

<dir>
	<title>By Year (Mix)(up to 2020)</title>
	<link>file://shared/movie-years.xml</link>
</dir>

<dir>
	<title>By Genres (TMDB)</title>
	<link>file://shared/movie-genre.xml</link>
</dir>

<dir>
	<title>By Production Company (TMDB)</title>
	<link>file://shared/movie-production.xml</link>
</dir>

<dir>
	<title>By Actors (Trakt)</title>
	<link>file://shared/movie-actors.xml</link>
</dir>

<dir>
	<title>By Actresses (Trakt)</title>
	<link>file://shared/movie-actress.xml</link>
</dir>

<dir>
	<title>By Popular People (TMDB)</title>
	<tmdb>people/popular</tmdb>
</dir>

<item>
	<title>[COLOR purple][B]--------------------------------------------------[/COLOR][/B]</title>
	<heading></heading>
</item>


</xml>