﻿<?xml version="1.0" encoding="UTF-8" standalone="yes"?>
<addon id="resource.images.skinbackgrounds.purp" name="Skin Backgrounds - Purple" version="1.0" provider-name="JewBMX">
    <extension point="kodi.resource.images" compile="false" type="skinbackgrounds" />
    <requires>
        <import addon="kodi.resource" version="1.0.0"/>
    </requires>
    <extension point="xbmc.addon.metadata">
        <summary lang="en">Skin Backgrounds Pack - Purple</summary>
        <description lang="en">Skin Backgrounds Pack - Purple</description>
        <platform>all</platform>
    </extension>
</addon>
