
<item>
   <title>m3u8 - ABC 7</title>
   <link>http://live.field59.com/wwsb/ngrp:wwsb1_all/master.m3u8</link>
   <thumbnail></thumbnail>
   <fanart></fanart>
</item>

<plugin>
    <title>M3U - Name</title>
    <link>plugin://plugin.video.live.streamspro/?mode=1&url=http://link/.m3u</link>
	<thumbnail></thumbnail>
    <fanart></fanart>
</plugin>

<item>
<title>YouTube Single Link</title>
<link>**youtube link**</link>
<thumbnail></thumbnail>
</item>

<plugin>
<title>YouTube Playlist</title>
<link>plugin://plugin.video.youtube/playlist/**PLAYLIST NUMBER**/</link>
<thumbnail></thumbnail>
</plugin>

<plugin>
<title>YouTube Channel</title>
<link>plugin://plugin.video.youtube/channel/**CHANNEL NUMBER**/playlists/</link>
<thumbnail></thumbnail>
</plugin>

