<?xml version="1.0" encoding="UTF-8" standalone="yes"?>
<addon id="plugin.video.cooltvseries" name="[COLOR green]CoolTVseries[/COLOR]" version="1.0" provider-name="JewBMX">
  <requires>
    <import addon="xbmc.python" version="2.1.0"/>
	<import addon="script.module.addon.common" />
	<import addon="script.module.requests" />
  </requires>
  <extension point="xbmc.python.pluginsource" library="default.py">
		<provides>video</provides>
  </extension>
  <extension point="xbmc.addon.metadata">
	<summary lang="en">Watch TV Shows From CoolTVseries.com</summary>
	<description lang="en">Watch TV Shows From CoolTVseries.com</description>
	<disclaimer lang="en">The author is not responsible for the use of this addon. The author is not responsible for the content found using this addon. The author does not host or own any content found within this addon or have any affiliation with the website owners.[CR]The author is in no way affiliated with Kodi, Team Kodi, or the XBMC Foundation.[CR]This is a Non-profit resource, organized solely for educational purposes which is protected under the Fair-Use doctrine of the Copyright Act, Specifically section 107, which does promote freedom of expression, by permitting the unlicensed use of copyright-protected works.</disclaimer>
        <license>Free the People!, Free the World!!</license>
        <platform>all</platform>
        <reuselanguageinvoker>false</reuselanguageinvoker>
		<assets>
			<icon>icon.png</icon>
			<fanart>fanart.jpg</fanart>
		</assets>
		<news></news>
	</extension>
</addon>
