<xml>

<item>
	<title>[COLOR purple][B]------------------[/COLOR][COLOR grey]PervPorn Menu[/COLOR][COLOR purple]------------------[/B][/COLOR]</title>
	<heading></heading>
</item>

<dir>
	<title>Playboy Channel (TVmaze)</title>
	<tvmaze>network/1035/1</tvmaze>
</dir>

<dir>
	<title>Playboy Network (Trakt)</title>
	<trakt>https://api.trakt.tv/users/aclo_networks/lists/tv-shows-playboy-tv/items</trakt>
</dir>

<dir>
	<title>4k Bitches (eporner)</title>
	<eporner>category/4k-porn</eporner>
</dir>

<dir>
	<title>HD Videos (eporner)</title>
	<eporner>category/hd-1080p</eporner>
</dir>

<dir>
	<title>HD Videos (cobp)</title>
	<cobp>tag/hd-porn/newest</cobp>
</dir>

<dir>
	<title>Most Recent (cobp)</title>
	<cobp>most-recent</cobp>
</dir>

<dir>
	<title>Currently Watched (eporner)</title>
	<eporner>currently</eporner>
</dir>

<dir>
	<title>Most Popular (cobp)</title>
	<cobp>most-viewed</cobp>
</dir>

<dir>
	<title>Top Rated (eporner)</title>
	<eporner>top-rated</eporner>
</dir>

<dir>
	<title>Pornstars (eporner)</title>
	<eporner>pornstars</eporner>
</dir>

<dir>
	<title>Categories (eporner)</title>
	<link>file://shared/adult/cats-ep.xml</link>
</dir>

<dir>
	<title>Categories (cobp)</title>
	<link>file://shared/adult/cats-cobp.xml</link>
</dir>

<dir>
	<title>Search (eporner)</title>
	<eporner>search</eporner>
</dir>

<item>
	<title>[COLOR purple][B]--------------------------------------------------[/COLOR][/B]</title>
	<heading></heading>
</item>


</xml>