<xml>

<item>
	<title>[COLOR purple][B]------------------[/COLOR][COLOR grey]Main Menu[/COLOR][COLOR purple]------------------[/B][/COLOR]</title>
	<heading></heading>
</item>

<dir>
	<title>[COLOR purple][B]Kids Movies[/COLOR][/B]</title>
	<summary>Movie Stuff.</summary>
	<link>file://menu/mmovies.xml</link>
</dir>

<dir>
	<title>[COLOR purple][B]Kids TV Shows[/COLOR][/B]</title>
	<summary>TV Show Stuff.</summary>
	<link>file://menu/mtvshows.xml</link>
</dir>

<dir>
	<title>[COLOR purple][B]CarToons/Anime[/COLOR][/B]</title>
	<summary>Cartoons and Anime Stuff.</summary>
	<link>file://menu/mtoons.xml</link>
</dir>

<dir>
	<title>[COLOR purple][B]Kids Live TV[/COLOR][/B]</title>
	<summary>Live Channels For Kids.</summary>
	<swift>swiftcategory/38</swift>
</dir>

<item>
	<title>[COLOR purple][B]--------------------------------------------------[/COLOR][/B]</title>
	<heading></heading>
</item>

<dir>
    <title>[COLOR grey][B]Quick Tools[/COLOR][/B]</title>
    <summary>All the Needed and Not Needed Tools.</summary>
    <link>file://menu/mquicktools.xml</link>
	<thumbnail>special://home/addons/plugin.video.beardedbandit/resources/images/icons/Quicktools.png</thumbnail>
</dir>

<item>
	<title>[COLOR purple][B]--------------------------------------------------[/COLOR][/B]</title>
	<heading></heading>
</item>


</xml>
