<?xml version="1.0" encoding="UTF-8" standalone="yes"?>
<addon id="script.Scrubs.artwork" version="1.3" name="[COLOR red]Scrubs Artwork(Uninstall)[/COLOR]" provider-name="JewBMX">
    <requires>
        <import addon="xbmc.python" version="2.19.0"/>
    </requires>
    <extension point="xbmc.python.module" library="lib" />
    <extension point="xbmc.addon.metadata">
        <summary>Scrubs Artwork(Uninstall)</summary>
        <description>Scrubs Artwork(Uninstall)</description>
        <platform>all</platform>
        <assets>
            <icon>icon.jpg</icon>
        </assets>
        <news>New Addon Name Is Scrubsv2, Install it instead.</news>
    </extension>
</addon>
