<xml>

<dir>
	<title>WatchNewsOn</title>
	<link>file://shared/newson.xml</link>
</dir>

<dir>
	<title>Kids Live TV (swift)</title>
	<summary>Live Channels For Kids.</summary>
	<swift>swiftcategory/38</swift>
</dir>

<dir>
	<title>USA Live TV (swift)</title>
	<summary>Live United States TV Channels.</summary>
	<swift>swiftcategory/41</swift>
</dir>

<dir>
	<title>TV Channels (AirTable)</title>
	<Airtable>tv_channels</Airtable>
</dir>

<dir>
	<title>TV Channels 2 (AirTable)</title>
	<Airtable>channels2</Airtable>
</dir>

<dir>
	<title>24-7 Channels (AirTable)</title>
	<Airtable>247</Airtable>
</dir>

<dir>
	<title>24-7 Channels (Arconaitv2)</title>
	<arconaitv2>cable</arconaitv2>
</dir>

<dir>
	<title>24-7 Networks (Arconaitv)</title>
	<arconaitv>networks</arconaitv>
</dir>

<dir>
	<title>24-7 TV Shows (Arconaitv2)</title>
	<arconaitv2>shows</arconaitv2>
</dir>

<dir>
	<title>24-7 TV Shows (Arconaitv)</title>
	<arconaitv>shows</arconaitv>
</dir>

<dir>
	<title>24-7 Movies (Arconaitv2)</title>
	<arconaitv2>movies</arconaitv2>
</dir>

<dir>
	<title>24-7 Movies (Arconaitv)</title>
	<arconaitv>movies</arconaitv>
</dir>

<dir>
	<title>Sports Live TV (swift)</title>
	<summary>Live Sports Channels.</summary>
	<swift>swiftcategory/36</swift>
</dir>

<dir>
	<title>Sports Channels (AirTable)</title>
	<Airtable>sports_channels</Airtable>
</dir>

<dir>
	<title>More Sports</title>
	<summary>Some Sports Stuff.</summary>
	<link>file://menu/msports.xml</link>
</dir>


</xml>
