<xml>

<dir>
	<title>Catchup Calendar (TVmaze)</title>
	<tvmaze>calendar</tvmaze>
</dir>

<dir>
	<title>Airing Today (TMDB)</title>
	<tmdb>tv/today</tmdb>
</dir>

<dir>
	<title>Newest (IMDB)</title>
	<imdburl>tvshows/new</imdburl>
</dir>

<dir>
	<title>On The Air (TMDB)</title>
	<tmdb>tv/on_the_air</tmdb>
</dir>

<dir>
	<title>Anticipated Shows (Trakt)</title>
	<trakt>https://api.trakt.tv/shows/anticipated</trakt>
</dir>

<dir>
	<title>Best Ratings (IMDB)</title>
	<imdburl>tvshows/rating</imdburl>
</dir>

<dir>
	<title>Most Viewed (IMDB)</title>
	<imdburl>tvshows/mostviews</imdburl>
</dir>

<dir>
	<title>Popular (Trakt)</title>
	<trakt>https://api.trakt.tv/shows/popular</trakt>
</dir>

<dir>
	<title>Popular (TMDB)</title>
	<tmdb>tv/popular</tmdb>
</dir>

<dir>
	<title>Top Rated (IMDB)</title>
	<imdburl>charttv/toptv</imdburl>
</dir>

<dir>
	<title>Top Rated (TMDB)</title>
	<tmdb>tv/top_rated</tmdb>
</dir>

<dir>
	<title>Trending (Trakt)</title>
	<trakt>https://api.trakt.tv/shows/trending</trakt>
</dir>

<dir>
	<title>TVmeter Chart (IMDB)</title>
	<imdburl>charttv/tvmeter</imdburl>
</dir>

<dir>
	<title>Find By</title>
	<link>file://shared/findby-tv.xml</link>
</dir>


</xml>
