<xml>
<item>
	<title>[COLOR purple][B]------------------[/COLOR][COLOR grey]Main Menu[/COLOR][COLOR purple]------------------[/B][/COLOR]</title>
	<heading></heading>
</item>
<dir>
	<title>[COLOR purple][B]Movies[/COLOR][/B]</title>
	<summary>Movie Stuff.</summary>
	<link>file://mmovies.xml</link>
</dir>
<dir>
	<title>[COLOR purple][B]TV Shows[/COLOR][/B]</title>
	<summary>TV Show Stuff.</summary>
	<link>file://mtvshows.xml</link>
</dir>
<dir>
	<title>[COLOR purple][B]CarToons[/COLOR][/B]</title>
	<summary>Cartoons and Anime Stuff.</summary>
	<link>file://mcartoons.xml</link>
</dir>
<dir>
	<title>[COLOR purple][B]Music[/COLOR][/B]</title>
	<summary>Music Stuff.</summary>
	<link>file://mmusic.xml</link>
</dir>
<dir>
	<title>[COLOR purple][B]Live TV and Sports[/COLOR][/B]</title>
	<summary>Decent Live TV and Some Sports Stuff Too.</summary>
	<link>file://mlivetv.xml</link>
</dir>
<dir>
	<title>[COLOR purple][B]JewZone[/COLOR][/B]</title>
	<summary>Custom Section of Stuff I am Into.</summary>
	<link>file://shared/jew-main.xml</link>
</dir>
<item>
	<title>[COLOR purple][B]--------------------------------------------------[/COLOR][/B]</title>
	<heading></heading>
</item>
<dir>
	<title>[COLOR red][B]Trakt[/COLOR] [COLOR grey]Stuff[/COLOR][/B]</title>
	<summary>All Your Trakt Stuff.</summary>
	<link>file://mtrakt.xml</link>
	<thumbnail>special://home/addons/plugin.video.beardedbandit/resources/images/trakt.png</thumbnail>
</dir>
<dir>
    <title>[COLOR grey][B]Search Em[/COLOR][/B]</title>
    <summary>All the Main Search Stuff in 1 Place.</summary>
    <link>file://msearch.xml</link>
	<thumbnail>special://home/addons/plugin.video.beardedbandit/resources/images/icons/Search.png</thumbnail>
</dir>
<dir>
    <title>[COLOR grey][B]Quick Tools[/COLOR][/B]</title>
    <summary>All the Needed and Not Needed Tools.</summary>
    <link>file://msettings.xml</link>
	<thumbnail>special://home/addons/plugin.video.beardedbandit/resources/images/icons/Quicktools.png</thumbnail>
</dir>
<item>
	<title>[COLOR purple][B]--------------------------------------------------[/COLOR][/B]</title>
	<heading></heading>
</item>
</xml>