<xml>

<item>
	<title>[COLOR purple][B]---------------[/COLOR][COLOR grey]CarToon Menu[/COLOR][COLOR purple]---------------[/B][/COLOR]</title>
	<heading></heading>
</item>

<dir>
	<title>50 Latest Releases (WatchCartoons)</title>
	<wctoon>topfifty/last-50-recent-release</wctoon>
</dir>

<dir>
	<title>Latest Series Added (WatchCartoons)</title>
	<wctoon>main/recent-release-main/1</wctoon>
</dir>

<dir>
	<title>Most Popular Series (WatchCartoons)</title>
	<wctoon>main/sidebar-titles/0</wctoon>
</dir>

<dir>
	<title>Anime (TMDB)</title>
	<tmdb>list/62756</tmdb>
</dir>

<dir>
	<title>Dubbed Anime (WatchCartoons)(Big)</title>
	<wctoon>category/dubbed-anime-list</wctoon>
</dir>

<dir>
	<title>Subbed Anime (WatchCartoons)(Big)</title>
	<wctoon>category/subbed-anime-list</wctoon>
</dir>

<dir>
	<title>Cartoons (WatchCartoons)(Big)</title>
	<wctoon>category/cartoon-list</wctoon>
</dir>

<dir>
	<title>Cartoon Series (B98tv)</title>
	<B98>serieslist/videos_categories/series</B98>
</dir> 

<dir>
	<title>Animation Shows (TMDB)</title>
	<tmdb>genre/shows/16</tmdb>
</dir>

<dir>
	<title>Movies (WatchCartoons)(Big)</title>
	<wctoon>category/movie-list</wctoon>
</dir>

<dir>
	<title>Kids BoxSets (TMDB)</title>
	<link>file://shared/boxsets-kids.xml</link>
</dir>

<dir>
	<title>The Kids Networks (TVmaze)</title>
	<link>file://shared/jew-networks3.xml</link>
</dir>

<dir>
	<title>Genres (WatchCartoons)</title>
	<wctoon>wcgenre/all</wctoon>
</dir>

<item>
	<title>[COLOR purple][B]--------------------------------------------------[/COLOR][/B]</title>
	<heading></heading>
</item>

<dir>
	<title>Search (WatchCartoons)</title>
	<wctoon>wcsearch</wctoon>
	<thumbnail>special://home/addons/plugin.video.beardedbandit/resources/images/WcOnline.jpg</thumbnail>
</dir>

<item>
	<title>[COLOR purple][B]--------------------------------------------------[/COLOR][/B]</title>
	<heading></heading>
</item>


</xml>