<xml>

<item>
	<title>[COLOR purple][B]---------------[/COLOR][COLOR grey]LiveTV and Sports Menu[/COLOR][COLOR purple]---------------[/B][/COLOR]</title>
	<heading></heading>
</item>

<dir>
	<title>USA Live TV (swift)</title>
	<summary>Live United States TV Channels.</summary>
	<swift>swiftcategory/41</swift>
</dir>

<dir>
	<title>Kids Live TV (swift)</title>
	<summary>Live Channels For Kids.</summary>
	<swift>swiftcategory/38</swift>
</dir>

<dir>
	<title>All TV Categories (swift)</title>
	<summary>For Various Countries Channels.</summary>
	<swift>allthespice</swift>
</dir>

<dir>
	<title>Sports Live TV (swift)</title>
	<summary>Live Sports Channels.</summary>
	<swift>swiftcategory/36</swift>
</dir>

<plugin>
	<title>MLB Highlights (YouTube)</title>
	<summary>MLB Highlights Channel.</summary>
	<link>plugin://plugin.video.youtube/channel/UCoLrcjPV5PbUrUyXq5mjc_A/</link>
</plugin>

<plugin>
	<title>NBA Highlights (YouTube)</title>
	<summary>NBA Highlights Channel.</summary>
	<link>plugin://plugin.video.youtube/channel/UCWJ2lWNubArHWmf3FIHbfcQ/</link>
</plugin>

<plugin>
	<title>NFL Highlights (YouTube)</title>
	<summary>NFL Highlights Channel.</summary>
	<link>plugin://plugin.video.youtube/channel/UCDVYQ4Zhbm3S2dlz7P1GBDg/</link>
</plugin>

<plugin>
	<title>NHL Highlights (YouTube)</title>
	<summary>NHL Highlights Channel.</summary>
	<link>plugin://plugin.video.youtube/channel/UCqFMzb-4AUf6WAIbl132QKA/</link>
</plugin>

<dir>
	<title>The Sports Networks (TVmaze)</title>
	<summary>The standard sports cable networks.</summary>
	<link>file://shared/jew-networks4.xml</link>
</dir>

<item>
	<title>[COLOR purple][B]--------------------------------------------------[/COLOR][/B]</title>
	<heading></heading>
</item>

<plugin>
	<title>Search (YouTube)</title>
	<link>plugin://plugin.video.youtube/kodion/search/list/</link>
	<thumbnail>special://home/addons/plugin.video.beardedbandit/resources/images/YouTube.png</thumbnail>
</plugin>

<item>
	<title>[COLOR purple][B]--------------------------------------------------[/COLOR][/B]</title>
	<heading></heading>
</item>


</xml>