<xml>

<item>
	<title>[COLOR purple][B]---------------[/COLOR][COLOR grey]Movie Menu[/COLOR][COLOR purple]---------------[/B][/COLOR]</title>
	<heading></heading>
</item>

<dir>
	<title>Now Playing (TMDB)</title>
	<tmdb>movies/now_playing</tmdb>
</dir>

<dir>
	<title>Upcoming Releases (IMDB)</title>
	<imdburl>moviecalendar/US</imdburl>
</dir>

<dir>
	<title>Popular (Trakt)</title>
	<trakt>https://api.trakt.tv/movies/popular</trakt>
</dir>

<dir>
	<title>Popular (TMDB)</title>
	<tmdb>movies/popular</tmdb>
</dir>

<dir>
	<title>Trending (Trakt)</title>
	<trakt>https://api.trakt.tv/movies/trending</trakt>
</dir>

<dir>
	<title>Top Rated (TMDB)</title>
	<tmdb>movies/top_rated</tmdb>
</dir>

<dir>
	<title>Movies (WatchCartoons)(Huge)</title>
	<wctoon>category/movie-list</wctoon>
</dir>

<dir>
	<title>BoxSets (TMDB)</title>
	<link>file://shared/boxsets.xml</link>
</dir>

<dir>
	<title>Find By (Mix)</title>
	<link>file://shared/movie-findby.xml</link>
</dir>

<item>
	<title>[COLOR purple][B]--------------------------------------------------[/COLOR][/B]</title>
	<heading></heading>
</item>

<dir>
	<title>[COLOR red][B]Trakt[/COLOR] [COLOR grey]Stuff[/COLOR][/B]</title>
	<summary>All Your Trakt Stuff.</summary>
	<link>file://mtrakt.xml</link>
	<thumbnail>special://home/addons/plugin.video.beardedbandit/resources/images/trakt.png</thumbnail>
</dir>

<dir>
    <title>[COLOR grey][B]Search Em[/COLOR][/B]</title>
    <summary>All The Main Search Stuff in 1 Place.</summary>
    <link>file://msearch.xml</link>
	<thumbnail>special://home/addons/plugin.video.beardedbandit/resources/images/icons/Search.png</thumbnail>
</dir>

<dir>
    <title>[COLOR grey][B]Quick Tools[/COLOR][/B]</title>
    <summary>All The Needed and Not Needed Tools.</summary>
    <link>file://msettings.xml</link>
	<thumbnail>special://home/addons/plugin.video.beardedbandit/resources/images/icons/Quicktools.png</thumbnail>
</dir>

<item>
	<title>[COLOR purple][B]--------------------------------------------------[/COLOR][/B]</title>
	<heading></heading>
</item>


</xml>