<xml>

<item>
	<title>[COLOR purple][B]---------------[/COLOR][COLOR grey]Music Menu[/COLOR][COLOR purple]---------------[/B][/COLOR]</title>
	<heading></heading>
</item>

<dir>
	<title>Music Choice</title>
	<link>file://shared/music/music-mc.xml</link>
</dir>

<dir>
	<title>LastFM</title>
	<link>file://shared/music/music-lastfm.xml</link>
</dir>

<plugin>
	<title>YouTube</title>
	<link>plugin://plugin.video.youtube/kodion/search/list/</link>
</plugin>

<item>
	<title>[COLOR purple][B]--------------------------------------------------[/COLOR][/B]</title>
	<heading></heading>
</item>

<dir>
	<title>[COLOR red][B]Trakt[/COLOR] [COLOR grey]Stuff[/COLOR][/B]</title>
	<summary>All Your Trakt Stuff.</summary>
	<link>file://mtrakt.xml</link>
	<thumbnail>special://home/addons/plugin.video.beardedbandit/resources/images/trakt.png</thumbnail>
</dir>

<dir>
    <title>[COLOR grey][B]Search Em[/COLOR][/B]</title>
    <summary>All The Main Search Stuff in 1 Place.</summary>
    <link>file://msearch.xml</link>
	<thumbnail>special://home/addons/plugin.video.beardedbandit/resources/images/icons/Search.png</thumbnail>
</dir>

<dir>
    <title>[COLOR grey][B]Quick Tools[/COLOR][/B]</title>
    <summary>All The Needed and Not Needed Tools.</summary>
    <link>file://msettings.xml</link>
	<thumbnail>special://home/addons/plugin.video.beardedbandit/resources/images/icons/Quicktools.png</thumbnail>
</dir>

<item>
	<title>[COLOR purple][B]--------------------------------------------------[/COLOR][/B]</title>
	<heading></heading>
</item>


</xml>