<xml>

<item>
	<title>[COLOR purple][B]---------------[/COLOR][COLOR grey]Search Em Menu[/COLOR][COLOR purple]---------------[/B][/COLOR]</title>
	<heading></heading>
</item>

<dir>
	<title>Search (TMDB)</title>
	<tmdb>search</tmdb>
	<thumbnail>special://home/addons/plugin.video.beardedbandit/resources/images/tmdb.png</thumbnail>
</dir>

<dir>
	<title>Search (Trakt)</title>
	<trakt>search</trakt>
	<thumbnail>special://home/addons/plugin.video.beardedbandit/resources/images/trakt.png</thumbnail>
</dir>

<dir>
	<title>Search (WatchCartoons)</title>
	<wctoon>wcsearch</wctoon>
	<thumbnail>special://home/addons/plugin.video.beardedbandit/resources/images/WcOnline.jpg</thumbnail>
</dir>

<plugin>
	<title>Search (YouTube)</title>
	<link>plugin://plugin.video.youtube/kodion/search/list/</link>
	<thumbnail>special://home/addons/plugin.video.beardedbandit/resources/images/YouTube.png</thumbnail>
</plugin>

<item>
	<title>[COLOR purple][B]--------------------------------------------------[/COLOR][/B]</title>
	<heading></heading>
</item>


</xml>