<xml>

<item>
	<title>[COLOR purple][B]---------------[/COLOR][COLOR grey]Quick Tools Menu[/COLOR][COLOR purple]---------------[/B][/COLOR]</title>
	<heading></heading>
</item>

<plugin>
    <title>Clear Cache</title>
    <link>plugin://plugin.video.beardedbandit/?mode=clearCache</link>
</plugin>

<item>
	<title>Pair Up</title>
	<pairwith>pairlist</pairwith>
</item>

<plugin>
	<title>Re-Authorize REAL-DEBRID (Resolve-URL)</title>
	<link>plugin://script.module.resolveurl/?mode=auth_rd</link>
</plugin>

<plugin>
	<title>Re-Authorize REAL-DEBRID (URL-Resolver)</title>
	<link>plugin://script.module.urlresolver/?mode=auth_rd</link>
</plugin>

<plugin>
	<title>[COLOR grey][B]Settings[/COLOR][/B]</title>
	<link>plugin://plugin.video.beardedbandit/?action=openSettings</link>
	<thumbnail>special://home/addons/plugin.video.beardedbandit/resources/images/icons/Settings.png</thumbnail>
</plugin>

<item>
	<title>[COLOR purple][B]--------------------------------------------------[/COLOR][/B]</title>
	<heading></heading>
</item>

<dir>
	<title>[COLOR red][B]Trakt[/COLOR] [COLOR grey]Stuff[/COLOR][/B]</title>
	<summary>All your Trakt stuff.</summary>
	<link>file://mtrakt.xml</link>
	<thumbnail>special://home/addons/plugin.video.beardedbandit/resources/images/trakt.png</thumbnail>
</dir>

<dir>
	<title>[COLOR grey][B]Search Em[/COLOR][/B]</title>
	<summary>all the main search stuff in 1 place.</summary>
	<link>file://msearch.xml</link>
	<thumbnail>special://home/addons/plugin.video.beardedbandit/resources/images/icons/Search.png</thumbnail>
</dir>

<dir>
	<title>[COLOR black][B]PervPorn[/COLOR][/B]</title>
	<summary>This is Porn lol. Be CAREFUL!!!</summary>
	<link>file://shared/adult/main.xml</link>
	<thumbnail>special://home/addons/plugin.video.beardedbandit/resources/images/icons/None.png</thumbnail>
</dir>

<item>
	<title>[COLOR purple][B]--------------------------------------------------[/COLOR][/B]</title>
	<heading></heading>
</item>


</xml>