<xml>

<item>
	<title>[COLOR purple][B]---------------[/COLOR][COLOR grey]Trakt Stuff Menu[/COLOR][COLOR purple]---------------[/B][/COLOR]</title>
	<heading></heading>
</item>

<dir>
	<title>TV Watchlist</title>
	<trakt>https://api.trakt.tv/sync/watchlist/shows</trakt>
	<thumbnail>special://home/addons/plugin.video.beardedbandit/resources/images/trakt.png</thumbnail>
</dir>

<dir>
	<title>Movie Watchlist</title>
	<trakt>https://api.trakt.tv/sync/watchlist/movies</trakt>
	<thumbnail>special://home/addons/plugin.video.beardedbandit/resources/images/trakt.png</thumbnail>
</dir>

<dir>
	<title>TV Collection</title>
	<trakt>https://api.trakt.tv/sync/collection/shows</trakt>
	<thumbnail>special://home/addons/plugin.video.beardedbandit/resources/images/trakt.png</thumbnail>
</dir>

<dir>
	<title>Movie Collection</title>
	<trakt>https://api.trakt.tv/sync/collection/movies</trakt>
	<thumbnail>special://home/addons/plugin.video.beardedbandit/resources/images/trakt.png</thumbnail>
</dir>

<dir>
	<title>My lists</title>
	<trakt>https://api.trakt.tv/users/me/lists</trakt>
	<thumbnail>special://home/addons/plugin.video.beardedbandit/resources/images/trakt.png</thumbnail>
</dir>

<dir>
	<title>My Liked Lists</title>
	<trakt>https://api.trakt.tv/users/likes/lists</trakt>
	<thumbnail>special://home/addons/plugin.video.beardedbandit/resources/images/trakt.png</thumbnail>
</dir>

<dir>
	<title>Watched Movies</title>
	<trakt>https://api.trakt.tv/movies/watched</trakt>
	<thumbnail>special://home/addons/plugin.video.beardedbandit/resources/images/trakt.png</thumbnail>
</dir>

<item>
	<title>[COLOR purple][B]--------------------------------------------------[/COLOR][/B]</title>
	<heading></heading>
</item>

<item>
	<title>Authorize Trakt</title>
	<trakt>https://api.trakt.tv/sync/collection/shows</trakt>
	<thumbnail>special://home/addons/plugin.video.beardedbandit/resources/images/trakt.png</thumbnail>
</item>

<item>
	<title>[COLOR purple][B]--------------------------------------------------[/COLOR][/B]</title>
	<heading></heading>
</item>


</xml>