<xml>

<item>
	<title>[COLOR purple][B]---------------[/COLOR][COLOR grey]TV Show Menu[/COLOR][COLOR purple]---------------[/B][/COLOR]</title>
	<heading></heading>
</item>

<dir>
	<title>CatchUp Calendar (TVmaze)</title>
	<tvmaze>calendar</tvmaze>
</dir>

<dir>
	<title>Airing Today (TMDB)</title>
	<tmdb>tv/today</tmdb>
</dir>

<dir>
	<title>On The Air (TMDB)</title>
	<summary>Shows Airing in Next 7 Days</summary>
	<tmdb>tv/on_the_air</tmdb>
</dir>

<dir>
	<title>Newest TV Shows (IMDB)</title>
	<imdburl>tvshows/new</imdburl>
</dir>

<dir>
	<title>Popular (Trakt)</title>
	<trakt>https://api.trakt.tv/shows/popular</trakt>
</dir>

<dir>
	<title>Popular (TMDB)</title>
	<tmdb>tv/popular</tmdb>
</dir>

<dir>
	<title>Trending (Trakt)</title>
	<trakt>https://api.trakt.tv/shows/trending</trakt>
</dir>

<dir>
	<title>Top Rated (TMDB)</title>
	<tmdb>tv/top_rated</tmdb>
</dir>

<dir>
	<title>Anticipated Shows (Trakt)</title>
	<trakt>https://api.trakt.tv/shows/anticipated</trakt>
</dir>

<dir>
	<title>Animation Shows (TMDB)</title>
	<tmdb>genre/shows/16</tmdb>
</dir>

<dir>
	<title>Networks (TVmaze)</title>
	<tvmaze>country/United States/1</tvmaze>
</dir>

<dir>
	<title>Networks (TMDB)</title>
	<link>file://shared/tv-networks.xml</link>
</dir>

<dir>
	<title>Web Channels (TVmaze)</title>
	<tvmaze>web_channel/1</tvmaze>
</dir>

<dir>
	<title>Genres (TMDB)</title>
	<link>file://shared/tv-genre.xml</link>
</dir>

<item>
	<title>[COLOR purple][B]--------------------------------------------------[/COLOR][/B]</title>
	<heading></heading>
</item>

<dir>
	<title>[COLOR red][B]Trakt[/COLOR] [COLOR grey]Stuff[/COLOR][/B]</title>
	<summary>All Your Trakt Stuff.</summary>
	<link>file://mtrakt.xml</link>
	<thumbnail>special://home/addons/plugin.video.beardedbandit/resources/images/trakt.png</thumbnail>
</dir>

<dir>
    <title>[COLOR grey][B]Search Em[/COLOR][/B]</title>
    <summary>All The Main Search Stuff in 1 Place.</summary>
    <link>file://msearch.xml</link>
	<thumbnail>special://home/addons/plugin.video.beardedbandit/resources/images/icons/Search.png</thumbnail>
</dir>

<dir>
    <title>[COLOR grey][B]Quick Tools[/COLOR][/B]</title>
    <summary>All The Needed and Not Needed Tools.</summary>
    <link>file://msettings.xml</link>
	<thumbnail>special://home/addons/plugin.video.beardedbandit/resources/images/icons/Quicktools.png</thumbnail>
</dir>

<item>
	<title>[COLOR purple][B]--------------------------------------------------[/COLOR][/B]</title>
	<heading></heading>
</item>


</xml>