<xml>

<plugin>
	<title>TV Shows</title>
	<link>plugin://script.extendedinfo/?info=alltvshows&quot;,return</link>
</plugin>

<plugin>
	<title>Movies</title>
	<link>plugin://script.extendedinfo/?info=allmovies&quot;,return</link>
</plugin>

<plugin>
	<title>SuperHeroes</title>
	<link>plugin://script.extendedinfo/?info=filtered&amp;type=movie&amp;filters=%5B%7B%27typelabel%27%3A+u%27Keyword%27%2C+%27type%27%3A+%27with_keywords%27%2C+%27id%27%3A+%279715%27%2C+%27label%27%3A+u%27superhero%27%7D%5D&amp;label=Movies+-+%5BCOLOR+FFAAAAAA%5DKeyword%3A%5B%2FCOLOR%5D+superhero+-+%5BCOLOR+FFAAAAAA%5DOrder+by%3A%5B%2FCOLOR%5D+popularity+descending+-+%5BCOLOR+FFAAAAAA%5Dpage%3A%5B%2FCOLOR%5D+1&amp;sort=popularity&amp;sort_label=Sort+by%3A+Popularity&amp;order=desc&amp;page=1&amp;url=movie%3Fsort_by%3Dpopularity.desc%26with_keywords%3D9715%26language%3Den%26page%3D1</link>
</plugin>

<dir>
	<title>Genres</title>
	<link>file://shared/more/eim-cats.xml</link>
</dir>


</xml>
