<xml>

<dir>
	<title>B98 Cartoon Series</title>
	<B98>serieslist/videos_categories/series</B98>
</dir>

<dir>
	<title>B98 Cartoon Studios</title>
	<B98>serieslist/videos_categories/studios</B98>
</dir>

<dir>
	<title>ToonMania</title>
	<link>file://shared/toons/toonmania.xml</link>
</dir>

<dir>
	<title>ToonNova</title>
	<link>file://shared/toons/toonnova.xml</link>
</dir>

<dir>
	<title>WatchCartoons</title>
	<link>file://shared/toons/watchcartoons.xml</link>
</dir>

<dir>
	<title>Youtube 4 Kids</title>
	<link>file://shared/toons/kids-yt.xml</link>
</dir>


</xml>
