<addon id="script.ezclean" name="EZ Clean" provider-name="People" version="1.5">
  <requires>
    <import addon="xbmc.python" version="2.1.0" />
    <import addon="script.module.requests" version="1.0.0" />
  </requires>
  <extension library="default.py" point="xbmc.python.pluginsource">
     <provides>video executable</provides>
  </extension>
  <extension library="service.py" point="xbmc.service" start="startup" />
  <extension point="xbmc.addon.metadata">
    <summary>A Streamlined Utility Tool for Kodi</summary>
    <description>No Bloatware, no Nonsense! Just Keep your Kodi sharp and clean with this utility tool... Now with a Custom Wizard.</description>
    <language />
    <platform>all</platform>
    <license>The MIT License</license>
    <forum>-</forum>
    <source>https://github.com</source>
  </extension>
</addon>