<?xml version="1.0" encoding="UTF-8" standalone="yes"?>
<addon id="script.nitecrawler.metadata" version="1.1" name="[COLOR yellow]NiteCrawler MetaData[/COLOR]" provider-name="JewBMX">
    <requires>
        <import addon="xbmc.python" version="2.19.0"/>
        <import addon="script.module.requests" />
        <import addon="script.module.beautifulsoup4" />
        <import addon="script.module.simplejson" />
        <import addon="script.module.python.koding.aio" version="0.9.6.6" />
        <import addon="script.module.xmltodict" version="0.9.0" />
    </requires>
    <extension point="xbmc.python.module" library="lib" />
    <extension point="xbmc.addon.metadata">
        <summary lang="en">NiteCrawler Metadata.</summary>
        <description lang="en">NiteCrawler Metadata.</description>
        <reuselanguageinvoker>false</reuselanguageinvoker>
        <platform>all</platform>
        <assets>
            <icon>icon.png</icon>
        </assets>
    </extension>
</addon>
