<?xml version="1.0" encoding="UTF-8" standalone="yes"?>
<addon id="script.ezclean" name="EZ Clean" version="1.4" provider-name="People">
  <requires>
    <import addon="xbmc.python" version="2.1.0"/>
    <import addon="script.module.requests" version="1.0.0" />
  </requires>
  <extension point="xbmc.python.pluginsource" library="default.py">
     <provides>video executable</provides>
  </extension>
  <extension point="xbmc.service" library="service.py" start="startup" />
  <extension point="xbmc.addon.metadata">
    <summary>A Streamlined Utility Tool for Kodi</summary>
    <description>No Bloatware, no Nonsense! Just Keep your Kodi sharp and clean with this utility tool... Now with a Custom Wizard.</description>
    <language></language>
    <platform>all</platform>
    <license>The MIT License</license>
    <forum>-</forum>
    <source>https://github.com</source>
  </extension>
</addon>
