<?xml version="1.0" encoding="UTF-8" standalone="yes"?>
<addon id="script.Scrubs.metadata" version="1.2" name="[COLOR red]Scrubs Metadata(Uninstall)[/COLOR]" provider-name="JewBMX">
	<requires>
		<import addon="xbmc.python" version="2.19.0"/>
	</requires>
	<extension point="xbmc.python.module" library="lib" />
	<extension point="xbmc.addon.metadata">
		<summary>Scrubs Metadata(Uninstall)</summary>
		<description>Scrubs Metadata(Uninstall)</description>
		<platform>all</platform>
		<assets>
			<icon>icon.jpg</icon>
		</assets>
		<news>New Addon Name Is Scrubsv2, Install it instead.</news>
	</extension>
</addon>
