<?xml version="1.0" encoding="UTF-8" standalone="yes"?>
    <addon id="repository.jewrepo" name="[COLOR purple]JewRepo[/COLOR]" version="1.0" provider-name="JewBMX">
        <requires>
            <import addon="xbmc.addon" version="12.0.0"/>
        </requires>
        <extension point="xbmc.addon.repository" name="[COLOR purple]JewRepo[/COLOR]">
            <info compressed="false">https://raw.githubusercontent.com/jewbmx/repo/master/zips/addons.xml</info>
                <checksum>https://raw.githubusercontent.com/jewbmx/repo/master/zips/addons.xml.md5</checksum>
                <datadir zip="true">https://raw.githubusercontent.com/jewbmx/repo/master/zips/</datadir>
            <hashes>false</hashes>
            <dir>
                <info compressed="false">https://raw.githubusercontent.com/teamuniversal/scrapers/master/_modules4all/zips/addons.xml</info>
                <checksum>https://raw.githubusercontent.com/teamuniversal/scrapers/master/_modules4all/zips/addons.xml.md5</checksum>
                <datadir zip="true">https://raw.githubusercontent.com/teamuniversal/scrapers/master/_modules4all/zips/</datadir>
            </dir>
            <dir>
                <info compressed="false">https://raw.githubusercontent.com/jsergio123/zips/master/addons.xml</info>
                <checksum>https://raw.githubusercontent.com/jsergio123/zips/master/addons.xml.md5</checksum>
                <datadir zip="true">https://raw.githubusercontent.com/jsergio123/zips/master/</datadir>
            </dir>
            <dir>
                <info compressed="false">https://raw.githubusercontent.com/totalrevolution/python-koding/master/zips/addons.xml</info>
                <checksum>https://raw.githubusercontent.com/totalrevolution/python-koding/master/zips/addons.xml.md5</checksum>
                <datadir zip="true">https://raw.githubusercontent.com/totalrevolution/python-koding/master/zips/</datadir>
            </dir>
            <dir>
                <info compressed="false">http://kodi.lanik.org/_repo/addons.xml</info>
                <checksum>http://kodi.lanik.org/_repo/addons.xml.md5</checksum>
                <datadir zip="true">http://kodi.lanik.org/_repo/</datadir>
            </dir>
            <dir minversion="15.0.0">
			<info compressed="true">https://github.com/mikesilvo164/repo.aeon.nox.silvo/raw/master/isengard/addons.xml</info>
			<checksum>https://github.com/mikesilvo164/repo.aeon.nox.silvo/raw/master/isengard/addons.xml.md5</checksum>
			<datadir zip="true">https://github.com/mikesilvo164/repo.aeon.nox.silvo/raw/master/isengard</datadir>
		</dir>
		<dir minversion="16.0.0">
			<info compressed="true">https://github.com/mikesilvo164/repo.aeon.nox.silvo/raw/master/jarvis/addons.xml</info>
			<checksum>https://github.com/mikesilvo164/repo.aeon.nox.silvo/raw/master/jarvis/addons.xml.md5</checksum>
			<datadir zip="true">https://github.com/mikesilvo164/repo.aeon.nox.silvo/raw/master/jarvis</datadir>
		</dir>
		<dir minversion="17.0.0">
			<info compressed="true">https://github.com/mikesilvo164/repo.aeon.nox.silvo/raw/master/krypton/addons.xml</info>
			<checksum>https://github.com/mikesilvo164/repo.aeon.nox.silvo/raw/master/krypton/addons.xml.md5</checksum>
			<datadir zip="true">https://github.com/mikesilvo164/repo.aeon.nox.silvo/raw/master/krypton</datadir>
		</dir>
		<dir minversion="17.9.0">
			<info compressed="true">https://github.com/mikesilvo164/repo.aeon.nox.silvo/raw/master/leia/addons.xml</info>
			<checksum>https://github.com/mikesilvo164/repo.aeon.nox.silvo/raw/master/leia/addons.xml.md5</checksum>
			<datadir zip="true">https://github.com/mikesilvo164/repo.aeon.nox.silvo/raw/master/leia</datadir>
		</dir>
            <dir>
	            <info compressed="false">https://raw.githubusercontent.com/jenaddon/repository.jenrepo/master/zips/addons.xml</info>
	            <checksum>https://raw.githubusercontent.com/jenaddon/repository.jenrepo/master/zips/addons.xml.md5</checksum>
	            <datadir zip="true">https://raw.githubusercontent.com/jenaddon/repository.jenrepo/master/zips/</datadir>
	        </dir>
        </extension>
        <extension point="xbmc.addon.metadata">
            <summary>Free the People, Free the World!</summary>
            <description>JewBMX's Official Repository</description>
            <platform>all</platform>
            <genre>movies,usa</genre>
        </extension>
    </addon>