<?xml version="1.0" encoding="UTF-8" standalone="yes"?>
<addon id="script.scrubsv2.artwork" version="1.3" name="[COLOR orange]Scrubs v2 Artwork[/COLOR]" provider-name="JewBMX">
    <requires>
        <import addon="xbmc.python" version="2.19.0"/>
    </requires>
    <extension point="xbmc.python.module" library="lib" />
    <extension point="xbmc.addon.metadata">
        <summary>Scrubs v2 Artwork</summary>
        <description>Scrubs v2 Artwork</description>
        <platform>all</platform>
        <assets>
            <icon>icon.jpg</icon>
        </assets>
        <news>Removed a Few Colors and Added Purple. [CR]Also Added TMDB Artwork I Slapped Together.</news>
    </extension>
</addon>
