<xml>

<dir>
    <title>1940 Movies</title>
    <tmdb>year/movies/1940</tmdb>
  </dir>

<dir>
    <title>1939 Movies</title>
    <tmdb>year/movies/1939</tmdb>
  </dir>

  <dir>
    <title>1938 Movies</title>
    <tmdb>year/movies/1938</tmdb>
  </dir>

  <dir>
    <title>1937 Movies</title>
    <tmdb>year/movies/1937</tmdb>
  </dir>

  <dir>
    <title>1936 Movies</title>
    <tmdb>year/movies/1936</tmdb>
  </dir>

  <dir>
    <title>1935 Movies</title>
    <tmdb>year/movies/1935</tmdb>
  </dir>

  <dir>
    <title>1934 Movies</title>
    <tmdb>year/movies/1934</tmdb>
  </dir>

  <dir>
    <title>1933 Movies</title>
    <tmdb>year/movies/1933</tmdb>
  </dir>

  <dir>
    <title>1932 Movies</title>
    <tmdb>year/movies/1932</tmdb>
  </dir>

  <dir>
    <title>1931 Movies</title>
    <tmdb>year/movies/1931</tmdb>
  </dir>

  <dir>
    <title>1930 Movies</title>
    <tmdb>year/movies/1930</tmdb>
  </dir>

  <dir>
    <title>1929 Movies</title>
    <tmdb>year/movies/1929</tmdb>
  </dir>

  <dir>
    <title>1928 Movies</title>
    <tmdb>year/movies/1928</tmdb>
  </dir>

  <dir>
    <title>1927 Movies</title>
    <tmdb>year/movies/1927</tmdb>
  </dir>

  <dir>
    <title>1926 Movies</title>
    <tmdb>year/movies/1926</tmdb>
  </dir>

  <dir>
    <title>1925 Movies</title>
    <tmdb>year/movies/1925</tmdb>
  </dir>

  <dir>
    <title>1924 Movies</title>
    <tmdb>year/movies/1924</tmdb>
  </dir>

  <dir>
    <title>1923 Movies</title>
    <tmdb>year/movies/1923</tmdb>
  </dir>

  <dir>
    <title>1922 Movies</title>
    <tmdb>year/movies/1922</tmdb>
  </dir>

  <dir>
    <title>1921 Movies</title>
    <tmdb>year/movies/1921</tmdb>
  </dir>

  <dir>
    <title>1920 Movies</title>
    <tmdb>year/movies/1920</tmdb>
  </dir>

<dir>
    <title>1919 Movies</title>
    <tmdb>year/movies/1919</tmdb>
  </dir>

  <dir>
    <title>1918 Movies</title>
    <tmdb>year/movies/1918</tmdb>
  </dir>

  <dir>
    <title>1917 Movies</title>
    <tmdb>year/movies/1917</tmdb>
  </dir>

  <dir>
    <title>1916 Movies</title>
    <tmdb>year/movies/1916</tmdb>
  </dir>

  <dir>
    <title>1915 Movies</title>
    <tmdb>year/movies/1915</tmdb>
  </dir>

  <dir>
    <title>1914 Movies</title>
    <tmdb>year/movies/1914</tmdb>
  </dir>

  <dir>
    <title>1913 Movies</title>
    <tmdb>year/movies/1913</tmdb>
  </dir>

  <dir>
    <title>1912 Movies</title>
    <tmdb>year/movies/1912</tmdb>
  </dir>

  <dir>
    <title>1911 Movies</title>
    <tmdb>year/movies/1911</tmdb>
  </dir>

  <dir>
    <title>1910 Movies</title>
    <tmdb>year/movies/1910</tmdb>
  </dir>

  <dir>
    <title>1909 Movies</title>
    <tmdb>year/movies/1909</tmdb>
  </dir>

  <dir>
    <title>1908 Movies</title>
    <tmdb>year/movies/1908</tmdb>
  </dir>

  <dir>
    <title>1907 Movies</title>
    <tmdb>year/movies/1907</tmdb>
  </dir>

  <dir>
    <title>1906 Movies</title>
    <tmdb>year/movies/1906</tmdb>
  </dir>

  <dir>
    <title>1905 Movies</title>
    <tmdb>year/movies/1905</tmdb>
  </dir>

  <dir>
    <title>1904 Movies</title>
    <tmdb>year/movies/1904</tmdb>
  </dir>

  <dir>
    <title>1903 Movies</title>
    <tmdb>year/movies/1903</tmdb>
  </dir>

  <dir>
    <title>1902 Movies</title>
    <tmdb>year/movies/1902</tmdb>
  </dir>

  <dir>
    <title>1901 Movies</title>
    <tmdb>year/movies/1901</tmdb>
  </dir>

  <dir>
    <title>1900 Movies</title>
    <tmdb>year/movies/1900</tmdb>
  </dir>


</xml>