<xml>

<dir>
    <title>2020 Movies</title>
    <tmdb>year/movies/2020</tmdb>
</dir>

<dir>
    <title>2019Movies</title>
    <tmdb>year/movies/2019</tmdb>
</dir>

<dir>
    <title>2018 Movies</title>
    <tmdb>year/movies/2018</tmdb>
</dir>

<dir>
    <title>2017 Movies</title>
    <tmdb>year/movies/2017</tmdb>
</dir>

<dir>
    <title>2016 Movies</title>
    <tmdb>year/movies/2016</tmdb>
</dir>

<dir>
    <title>2015 Movies</title>
    <tmdb>year/movies/2015</tmdb>
</dir>

<dir>
    <title>2014 Movies</title>
    <tmdb>year/movies/2014</tmdb>
</dir>

<dir>
    <title>2013 Movies</title>
    <tmdb>year/movies/2013</tmdb>
</dir>

<dir>
    <title>2012 Movies</title>
    <tmdb>year/movies/2012</tmdb>
</dir>

<dir>
    <title>2011 Movies</title>
    <tmdb>year/movies/2011</tmdb>
</dir>

<dir>
    <title>2010 Movies</title>
    <tmdb>year/movies/2010</tmdb>
</dir>

<dir>
    <title>2009 Movies</title>
    <tmdb>year/movies/2009</tmdb>
</dir>

<dir>
    <title>2008 Movies</title>
    <tmdb>year/movies/2008</tmdb>
</dir>

<dir>
    <title>2007 Movies</title>
    <tmdb>year/movies/2007</tmdb>
</dir>

<dir>
    <title>2006 Movies</title>
    <tmdb>year/movies/2006</tmdb>
</dir>

<dir>
    <title>2005 Movies</title>
    <tmdb>year/movies/2005</tmdb>
</dir>

<dir>
    <title>2004 Movies</title>
    <tmdb>year/movies/2004</tmdb>
</dir>

<dir>
    <title>2003 Movies</title>
    <tmdb>year/movies/2003</tmdb>
</dir>

<dir>
    <title>2002 Movies</title>
    <tmdb>year/movies/2002</tmdb>
</dir>

<dir>
    <title>2001 Movies</title>
    <tmdb>year/movies/2001</tmdb>
</dir>

<dir>
    <title>2000 Movies</title>
    <tmdb>year/movies/2000</tmdb>
</dir>

<dir>
    <title>1999 Movies</title>
    <tmdb>year/movies/1999</tmdb>
  </dir>

  <dir>
    <title>1998 Movies</title>
    <tmdb>year/movies/1998</tmdb>
  </dir>

  <dir>
    <title>1997 Movies</title>
    <tmdb>year/movies/1997</tmdb>
  </dir>

  <dir>
    <title>1996 Movies</title>
    <tmdb>year/movies/1996</tmdb>
  </dir>

  <dir>
    <title>1995 Movies</title>
    <tmdb>year/movies/1995</tmdb>
  </dir>

  <dir>
    <title>1994 Movies</title>
    <tmdb>year/movies/1994</tmdb>
  </dir>

  <dir>
    <title>1993 Movies</title>
    <tmdb>year/movies/1993</tmdb>
  </dir>

  <dir>
    <title>1992 Movies</title>
    <tmdb>year/movies/1992</tmdb>
  </dir>

  <dir>
    <title>1991 Movies</title>
    <tmdb>year/movies/1991</tmdb>
  </dir>

  <dir>
    <title>1990 Movies</title>
    <tmdb>year/movies/1990</tmdb>
  </dir>

  <dir>
    <title>1989 Movies</title>
    <tmdb>year/movies/1989</tmdb>
  </dir>

  <dir>
    <title>1988 Movies</title>
    <tmdb>year/movies/1988</tmdb>
  </dir>

  <dir>
    <title>1987 Movies</title>
    <tmdb>year/movies/1987</tmdb>
  </dir>

  <dir>
    <title>1986 Movies</title>
    <tmdb>year/movies/1986</tmdb>
  </dir>

  <dir>
    <title>1985 Movies</title>
    <tmdb>year/movies/1985</tmdb>
  </dir>

  <dir>
    <title>1984 Movies</title>
    <tmdb>year/movies/1984</tmdb>
  </dir>

  <dir>
    <title>1983 Movies</title>
    <tmdb>year/movies/1983</tmdb>
  </dir>

  <dir>
    <title>1982 Movies</title>
    <tmdb>year/movies/1982</tmdb>
  </dir>

  <dir>
    <title>1981 Movies</title>
    <tmdb>year/movies/1981</tmdb>
  </dir>


</xml>