<?xml version="1.0" encoding="UTF-8" standalone="yes"?>
<addon id="plugin.program.jewcleaner" name="JewCleaner" version="1.0" provider-name="JewBMX">
  <requires>
    <import addon="xbmc.python" version="2.1.0"/>
  </requires>
  <extension point="xbmc.python.pluginsource" library="default.py">
    <provides>executable</provides>
  </extension>
  <extension point="xbmc.service" library="startup.py" start="startup" />
  <extension point="xbmc.addon.metadata">
    <summary lang="en">Simple All-N-1 Cleaning Tool</summary>
    <description lang="en">Use to clean, tweak, backup/restore, and all other useful ways to maintain your Kodi.</description>
    <disclaimer lang="en">The author is not responsible for the use of this addon. The author is not responsible for the content found using this addon. The author does not host or own any content found within this addon.[CR]The author is in no way affiliated with Kodi, Team Kodi, or the XBMC Foundation.[CR]This is a Non-profit resource, organized solely for educational purposes which is protected under the Fair-Use doctrine of the Copyright Act, Specifically section 107, which does promote freedom of expression, by permitting the unlicensed use of copyright-protected works.</disclaimer>
        <license>Free the People!, Free the World!!</license>
    <platform>all</platform>
  </extension>
</addon>