<xml>

<dir>
	<title>4k Bitches</title>
	<eporner>category/4k-porn</eporner>
</dir>

<dir>
	<title>HQ Porn</title>
	<eporner>category/hq-porn</eporner>
</dir>

<dir>
	<title>60 FPS</title>
	<eporner>category/60fps</eporner>
</dir>

<dir>
	<title>Anal</title>
	<eporner>category/anal</eporner>
</dir>

<dir>
	<title>Teen</title>
	<eporner>category/teens</eporner>
</dir>

<dir>
	<title>Big Tits</title>
	<eporner>category/big-tits</eporner>
</dir>

<dir>
	<title>POV</title>
	<eporner>category/pov-porn</eporner>
</dir>

<dir>
	<title>Amateur</title>
	<eporner>category/amateur</eporner>
</dir>

<dir>
	<title>Japanese</title>
	<eporner>category/japanese</eporner>
</dir>

<dir>
	<title>Asian</title>
	<eporner>category/asian</eporner>
</dir>

<dir>
	<title>Masturbation</title>
	<eporner>category/masturbation</eporner>
</dir>

<dir>
	<title>Lesbian</title>
	<eporner>category/lesbians</eporner>
</dir>

<dir>
	<title>MILF</title>
	<eporner>category/milf</eporner>
</dir>

<dir>
	<title>Threesome</title>
	<eporner>category/threesome</eporner>
</dir>

<dir>
	<title>Interracial</title>
	<eporner>category/interracial</eporner>
</dir>

<dir>
	<title>Mature</title>
	<eporner>category/mature</eporner>
</dir>

<dir>
	<title>Creampie</title>
	<eporner>category/creampie</eporner>
</dir>

<dir>
	<title>Pornstar</title>
	<eporner>category/pornstar</eporner>
</dir>

<dir>
	<title>Blowjob</title>
	<eporner>category/blowjob</eporner>
</dir>

<dir>
	<title>Hardcore</title>
	<eporner>category/hardcore</eporner>
</dir>

<dir>
	<title>Big Ass</title>
	<eporner>category/big-ass</eporner>
</dir>

<dir>
	<title>Group Sex</title>
	<eporner>category/group-sex</eporner>
</dir>

<dir>
	<title>Blonde</title>
	<eporner>category/blonde</eporner>
</dir>

<dir>
	<title>Homemade</title>
	<eporner>category/homemade</eporner>
</dir>

<dir>
	<title>Ebony</title>
	<eporner>category/ebony</eporner>
</dir>

<dir>
	<title>Toys</title>
	<eporner>category/toys</eporner>
</dir>

<dir>
	<title>Big Dick</title>
	<eporner>category/big-dick</eporner>
</dir>

<dir>
	<title>Shemale</title>
	<eporner>category/shemale</eporner>
</dir>

<dir>
	<title>Double Penetration</title>
	<eporner>category/double-penetration</eporner>
</dir>

<dir>
	<title>HD Sex</title>
	<eporner>category/hd-sex</eporner>
</dir>

<dir>
	<title>Webcam</title>
	<eporner>category/webcam</eporner>
</dir>

<dir>
	<title>Brunette</title>
	<eporner>category/brunette</eporner>
</dir>

<dir>
	<title>Lingerie</title>
	<eporner>category/lingerie</eporner>
</dir>

<dir>
	<title>Cumshot</title>
	<eporner>category/cumshot</eporner>
</dir>

<dir>
	<title>Students</title>
	<eporner>category/students</eporner>
</dir>

<dir>
	<title>BBW</title>
	<eporner>category/bbw</eporner>
</dir>

<dir>
	<title>Massage</title>
	<eporner>category/massage</eporner>
</dir>

<dir>
	<title>Squirt</title>
	<eporner>category/squirt</eporner>
</dir>

<dir>
	<title>BDSM</title>
	<eporner>category/bdsm</eporner>
</dir>

<dir>
	<title>Latina</title>
	<eporner>category/latina</eporner>
</dir>

<dir>
	<title>Public</title>
	<eporner>category/public</eporner>
</dir>

<dir>
	<title>Striptease</title>
	<eporner>category/striptease</eporner>
</dir>

<dir>
	<title>Petite</title>
	<eporner>category/petite</eporner>
</dir>

<dir>
	<title>Handjob</title>
	<eporner>category/handjob</eporner>
</dir>

<dir>
	<title>Orgy</title>
	<eporner>category/orgy</eporner>
</dir>

<dir>
	<title>Outdoor</title>
	<eporner>category/outdoor</eporner>
</dir>

<dir>
	<title>Redhead</title>
	<eporner>category/redhead</eporner>
</dir>

<dir>
	<title>Small Tits</title>
	<eporner>category/small-tits</eporner>
</dir>

<dir>
	<title>Fetish</title>
	<eporner>category/fetish</eporner>
</dir>

<dir>
	<title>Footjob</title>
	<eporner>category/footjob</eporner>
</dir>

<dir>
	<title>Housewives</title>
	<eporner>category/housewives</eporner>
</dir>

<dir>
	<title>Indian</title>
	<eporner>category/indian</eporner>
</dir>

<dir>
	<title>Uniform</title>
	<eporner>category/uniform</eporner>
</dir>

<dir>
	<title>For Women</title>
	<eporner>category/for-women</eporner>
</dir>

<dir>
	<title>Fat</title>
	<eporner>category/fat</eporner>
</dir>

<dir>
	<title>Bondage</title>
	<eporner>category/bondage</eporner>
</dir>

<dir>
	<title>Gay</title>
	<eporner>category/gay</eporner>
</dir>

<dir>
	<title>Doctor</title>
	<eporner>category/doctor</eporner>
</dir>

<dir>
	<title>Older Men</title>
	<eporner>category/old-man</eporner>
</dir>

<dir>
	<title>Spy cams</title>
	<eporner>category/spy</eporner>
</dir>

<dir>
	<title>Office</title>
	<eporner>category/office</eporner>
</dir>

<dir>
	<title>Bukkake</title>
	<eporner>category/bukkake</eporner>
</dir>

<dir>
	<title>Swinger</title>
	<eporner>category/swingers</eporner>
</dir>

<dir>
	<title>Hentai</title>
	<eporner>category/hentai</eporner>
</dir>

<dir>
	<title>Fisting</title>
	<eporner>category/fisting</eporner>
</dir>

<dir>
	<title>Vintage</title>
	<eporner>category/vintage</eporner>
</dir>

<dir>
	<title>Bisexual</title>
	<eporner>category/bisexual</eporner>
</dir>

<dir>
	<title>Nurses</title>
	<eporner>category/nurse</eporner>
</dir>

<dir>
	<title>Hotel</title>
	<eporner>category/hotel</eporner>
</dir>

<dir>
	<title>Sleep</title>
	<eporner>category/sleep</eporner>
</dir>


</xml>
