<?xml version="1.0" encoding="UTF-8" standalone="yes"?>
<addon id="script.NiteCrawler.metadata" version="1.0" name="[COLOR yellow]NiteCrawler MetaData[/COLOR]" provider-name="JewBMX">
	<requires>
		<import addon="xbmc.python" version="2.19.0"/>
	</requires>
	<extension point="xbmc.python.module" library="lib" />
	<extension point="xbmc.addon.metadata">
		<summary lang="en">NiteCrawler Metadata.</summary>
		<description lang="en">NiteCrawler Metadata.</description>
		<reuselanguageinvoker>false</reuselanguageinvoker>
		<platform>all</platform>
		<assets>
			<icon>icon.png</icon>
		</assets>
	</extension>
</addon>
